
         /\      Grafana   /‾‾/  
    /\  /  \     |\  __   /  /   
   /  \/    \    | |/ /  /   ‾‾\ 
  /          \   |   (  |  (‾)  |
 / __________ \  |_|\_\  \_____/ 

time="2025-11-17T11:39:47+05:30" level=warning msg="\"cli\" level configuration overrode scenarios configuration entirely"
     execution: local
        script: /home/vunet/Load-Testing-Tool/k6_final/k6_dashboard_name/linux-mssql-dashboard/login.js
        output: -

     scenarios: (100.00%) 1 scenario, 10 max VUs, 55s max duration (incl. graceful stop):
              * default: 10 looping VUs for 25s (gracefulStop: 30s)

time="2025-11-17T11:39:47+05:30" level=info msg="[2025-11-17T06:09:47.525Z] 🔹 VU 10 attempting login for: load_user_9819" source=console
time="2025-11-17T11:39:47+05:30" level=info msg="[2025-11-17T06:09:47.525Z] 🔹 VU 4 attempting login for: load_user_6129" source=console
time="2025-11-17T11:39:47+05:30" level=info msg="[2025-11-17T06:09:47.525Z] 🔹 VU 6 attempting login for: load_user_6493" source=console
time="2025-11-17T11:39:47+05:30" level=info msg="[2025-11-17T06:09:47.525Z] 🔹 VU 1 attempting login for: username" source=console
time="2025-11-17T11:39:47+05:30" level=info msg="[2025-11-17T06:09:47.525Z] 🔹 VU 9 attempting login for: load_user_1116" source=console
time="2025-11-17T11:39:47+05:30" level=info msg="[2025-11-17T06:09:47.525Z] 🔹 VU 7 attempting login for: load_user_9366" source=console
time="2025-11-17T11:39:47+05:30" level=info msg="[2025-11-17T06:09:47.525Z] 🔹 VU 5 attempting login for: load_user_9380" source=console
time="2025-11-17T11:39:47+05:30" level=info msg="[2025-11-17T06:09:47.525Z] 🔹 VU 3 attempting login for: load_user_7262" source=console
time="2025-11-17T11:39:47+05:30" level=info msg="[2025-11-17T06:09:47.525Z] 🔹 VU 2 attempting login for: load_user_7114" source=console
time="2025-11-17T11:39:47+05:30" level=info msg="[2025-11-17T06:09:47.525Z] 🔹 VU 8 attempting login for: load_user_6048" source=console
time="2025-11-17T11:39:47+05:30" level=info msg="[K6-METRIC] status_code=200" source=console
time="2025-11-17T11:39:47+05:30" level=info msg="[K6-METRIC] response_time=197.939112" source=console
time="2025-11-17T11:39:47+05:30" level=info msg="[K6-COOKIE] user=load_user_9366 | cookie=AUTH_SESSION_ID | value_snippet=bff20ad9-344d-4cd2-86b3-a8ce9582" source=console
time="2025-11-17T11:39:47+05:30" level=info msg="[K6-COOKIE] user=load_user_9366 | cookie=KC_RESTART | value_snippet=eyJhbGciOiJkaXIiLCJlbmMiOiJBMTI4" source=console
time="2025-11-17T11:39:47+05:30" level=info msg="[2025-11-17T06:09:47.525Z] ✅ Login successful | User: load_user_9366 | Response Time: 197.939112 ms" source=console
time="2025-11-17T11:39:47+05:30" level=info msg="[2025-11-17T06:09:47.948Z] 🔹 VU 7 attempting login for: load_user_9366" source=console
time="2025-11-17T11:39:47+05:30" level=info msg="[K6-METRIC] status_code=200" source=console
time="2025-11-17T11:39:47+05:30" level=info msg="[K6-METRIC] response_time=196.043595" source=console
time="2025-11-17T11:39:47+05:30" level=info msg="[K6-COOKIE] user=username | cookie=AUTH_SESSION_ID | value_snippet=e4f1bd60-881a-47e6-829e-207961c0" source=console
time="2025-11-17T11:39:47+05:30" level=info msg="[K6-COOKIE] user=username | cookie=KC_RESTART | value_snippet=eyJhbGciOiJkaXIiLCJlbmMiOiJBMTI4" source=console
time="2025-11-17T11:39:47+05:30" level=info msg="[2025-11-17T06:09:47.525Z] ✅ Login successful | User: username | Response Time: 196.043595 ms" source=console
time="2025-11-17T11:39:47+05:30" level=info msg="[2025-11-17T06:09:47.949Z] 🔹 VU 1 attempting login for: username" source=console
time="2025-11-17T11:39:48+05:30" level=info msg="[K6-METRIC] status_code=200" source=console
time="2025-11-17T11:39:48+05:30" level=info msg="[K6-METRIC] response_time=153.738155" source=console
time="2025-11-17T11:39:48+05:30" level=info msg="[K6-COOKIE] user=username | cookie=AUTH_SESSION_ID | value_snippet=7ec5d7c0-e212-4412-bf76-20244abe" source=console
time="2025-11-17T11:39:48+05:30" level=info msg="[K6-COOKIE] user=username | cookie=KC_RESTART | value_snippet=eyJhbGciOiJkaXIiLCJlbmMiOiJBMTI4" source=console
time="2025-11-17T11:39:48+05:30" level=info msg="[2025-11-17T06:09:47.949Z] ✅ Login successful | User: username | Response Time: 153.738155 ms" source=console
time="2025-11-17T11:39:48+05:30" level=info msg="[2025-11-17T06:09:48.229Z] 🔹 VU 1 attempting login for: username" source=console
time="2025-11-17T11:39:48+05:30" level=info msg="[K6-METRIC] status_code=200" source=console
time="2025-11-17T11:39:48+05:30" level=info msg="[K6-METRIC] response_time=379.95121" source=console
time="2025-11-17T11:39:48+05:30" level=info msg="[K6-COOKIE] user=load_user_1116 | cookie=AUTH_SESSION_ID | value_snippet=a481ce1b-680a-4176-a418-2849551b" source=console
time="2025-11-17T11:39:48+05:30" level=info msg="[K6-COOKIE] user=load_user_1116 | cookie=KC_RESTART | value_snippet=eyJhbGciOiJkaXIiLCJlbmMiOiJBMTI4" source=console
time="2025-11-17T11:39:48+05:30" level=info msg="[2025-11-17T06:09:47.525Z] ✅ Login successful | User: load_user_1116 | Response Time: 379.95121 ms" source=console
time="2025-11-17T11:39:48+05:30" level=info msg="[2025-11-17T06:09:48.229Z] 🔹 VU 9 attempting login for: load_user_1116" source=console
time="2025-11-17T11:39:48+05:30" level=info msg="[K6-METRIC] status_code=200" source=console
time="2025-11-17T11:39:48+05:30" level=info msg="[K6-METRIC] response_time=232.954786" source=console
time="2025-11-17T11:39:48+05:30" level=info msg="[K6-COOKIE] user=load_user_9366 | cookie=AUTH_SESSION_ID | value_snippet=bc50ac24-93c7-45d0-a5de-df47787b" source=console
time="2025-11-17T11:39:48+05:30" level=info msg="[K6-COOKIE] user=load_user_9366 | cookie=KC_RESTART | value_snippet=eyJhbGciOiJkaXIiLCJlbmMiOiJBMTI4" source=console
time="2025-11-17T11:39:48+05:30" level=info msg="[2025-11-17T06:09:47.948Z] ✅ Login successful | User: load_user_9366 | Response Time: 232.954786 ms" source=console
time="2025-11-17T11:39:48+05:30" level=info msg="[2025-11-17T06:09:48.324Z] 🔹 VU 7 attempting login for: load_user_9366" source=console

running (01.0s), 10/10 VUs, 5 complete and 0 interrupted iterations
default   [   4% ] 10 VUs  01.0s/25s
time="2025-11-17T11:39:48+05:30" level=info msg="[K6-METRIC] status_code=200" source=console
time="2025-11-17T11:39:48+05:30" level=info msg="[K6-METRIC] response_time=365.984771" source=console
time="2025-11-17T11:39:48+05:30" level=info msg="[K6-COOKIE] user=username | cookie=AUTH_SESSION_ID | value_snippet=8cf7a631-2133-4e05-990d-c1b1fcda" source=console
time="2025-11-17T11:39:48+05:30" level=info msg="[K6-COOKIE] user=username | cookie=KC_RESTART | value_snippet=eyJhbGciOiJkaXIiLCJlbmMiOiJBMTI4" source=console
time="2025-11-17T11:39:48+05:30" level=info msg="[2025-11-17T06:09:48.229Z] ✅ Login successful | User: username | Response Time: 365.984771 ms" source=console
time="2025-11-17T11:39:48+05:30" level=info msg="[2025-11-17T06:09:48.630Z] 🔹 VU 1 attempting login for: username" source=console
time="2025-11-17T11:39:48+05:30" level=info msg="[K6-METRIC] status_code=200" source=console
time="2025-11-17T11:39:48+05:30" level=info msg="[K6-METRIC] response_time=461.226243" source=console
time="2025-11-17T11:39:48+05:30" level=info msg="[K6-COOKIE] user=load_user_1116 | cookie=KC_RESTART | value_snippet=eyJhbGciOiJkaXIiLCJlbmMiOiJBMTI4" source=console
time="2025-11-17T11:39:48+05:30" level=info msg="[K6-COOKIE] user=load_user_1116 | cookie=AUTH_SESSION_ID | value_snippet=2fb7c2d8-ffe7-4957-818a-05df7382" source=console
time="2025-11-17T11:39:48+05:30" level=info msg="[2025-11-17T06:09:48.229Z] ✅ Login successful | User: load_user_1116 | Response Time: 461.226243 ms" source=console
time="2025-11-17T11:39:48+05:30" level=info msg="[2025-11-17T06:09:48.728Z] 🔹 VU 9 attempting login for: load_user_1116" source=console
time="2025-11-17T11:39:48+05:30" level=info msg="[K6-METRIC] status_code=200" source=console
time="2025-11-17T11:39:48+05:30" level=info msg="[K6-METRIC] response_time=788.113139" source=console
time="2025-11-17T11:39:48+05:30" level=info msg="[K6-COOKIE] user=load_user_7262 | cookie=AUTH_SESSION_ID | value_snippet=e7296823-a924-4a45-bbcf-7207a9fc" source=console
time="2025-11-17T11:39:48+05:30" level=info msg="[K6-COOKIE] user=load_user_7262 | cookie=KC_RESTART | value_snippet=eyJhbGciOiJkaXIiLCJlbmMiOiJBMTI4" source=console
time="2025-11-17T11:39:48+05:30" level=info msg="[2025-11-17T06:09:47.525Z] ✅ Login successful | User: load_user_7262 | Response Time: 788.113139 ms" source=console
time="2025-11-17T11:39:48+05:30" level=info msg="[2025-11-17T06:09:48.739Z] 🔹 VU 3 attempting login for: load_user_7262" source=console
time="2025-11-17T11:39:48+05:30" level=info msg="[K6-METRIC] status_code=200" source=console
time="2025-11-17T11:39:48+05:30" level=info msg="[K6-METRIC] response_time=374.471462" source=console
time="2025-11-17T11:39:48+05:30" level=info msg="[K6-COOKIE] user=load_user_9366 | cookie=AUTH_SESSION_ID | value_snippet=9cc0aae9-c8d5-485a-bb16-d0228d97" source=console
time="2025-11-17T11:39:48+05:30" level=info msg="[K6-COOKIE] user=load_user_9366 | cookie=KC_RESTART | value_snippet=eyJhbGciOiJkaXIiLCJlbmMiOiJBMTI4" source=console
time="2025-11-17T11:39:48+05:30" level=info msg="[2025-11-17T06:09:48.324Z] ✅ Login successful | User: load_user_9366 | Response Time: 374.471462 ms" source=console
time="2025-11-17T11:39:48+05:30" level=info msg="[2025-11-17T06:09:48.739Z] 🔹 VU 7 attempting login for: load_user_9366" source=console
time="2025-11-17T11:39:48+05:30" level=info msg="[K6-METRIC] status_code=200" source=console
time="2025-11-17T11:39:48+05:30" level=info msg="[K6-METRIC] response_time=904.99132" source=console
time="2025-11-17T11:39:48+05:30" level=info msg="[K6-COOKIE] user=load_user_9819 | cookie=AUTH_SESSION_ID | value_snippet=8ae820ff-d992-4170-a315-35c2105f" source=console
time="2025-11-17T11:39:48+05:30" level=info msg="[K6-COOKIE] user=load_user_9819 | cookie=KC_RESTART | value_snippet=eyJhbGciOiJkaXIiLCJlbmMiOiJBMTI4" source=console
time="2025-11-17T11:39:48+05:30" level=info msg="[2025-11-17T06:09:47.525Z] ✅ Login successful | User: load_user_9819 | Response Time: 904.99132 ms" source=console
time="2025-11-17T11:39:48+05:30" level=info msg="[2025-11-17T06:09:48.858Z] 🔹 VU 10 attempting login for: load_user_9819" source=console
time="2025-11-17T11:39:49+05:30" level=info msg="[K6-METRIC] status_code=200" source=console
time="2025-11-17T11:39:49+05:30" level=info msg="[K6-METRIC] response_time=1074.548217" source=console
time="2025-11-17T11:39:49+05:30" level=info msg="[K6-COOKIE] user=load_user_6048 | cookie=AUTH_SESSION_ID | value_snippet=3a8e5eea-0ce9-4946-80b3-a3de3d49" source=console
time="2025-11-17T11:39:49+05:30" level=info msg="[K6-COOKIE] user=load_user_6048 | cookie=KC_RESTART | value_snippet=eyJhbGciOiJkaXIiLCJlbmMiOiJBMTI4" source=console
time="2025-11-17T11:39:49+05:30" level=info msg="[2025-11-17T06:09:47.525Z] ✅ Login successful | User: load_user_6048 | Response Time: 1074.548217 ms" source=console
time="2025-11-17T11:39:49+05:30" level=info msg="[2025-11-17T06:09:49.024Z] 🔹 VU 8 attempting login for: load_user_6048" source=console
time="2025-11-17T11:39:49+05:30" level=info msg="[K6-METRIC] status_code=200" source=console
time="2025-11-17T11:39:49+05:30" level=info msg="[K6-METRIC] response_time=1178.260607" source=console
time="2025-11-17T11:39:49+05:30" level=info msg="[K6-COOKIE] user=load_user_6493 | cookie=KC_RESTART | value_snippet=eyJhbGciOiJkaXIiLCJlbmMiOiJBMTI4" source=console
time="2025-11-17T11:39:49+05:30" level=info msg="[K6-COOKIE] user=load_user_6493 | cookie=AUTH_SESSION_ID | value_snippet=04b738f1-d6ed-43ea-8dc8-59f58741" source=console
time="2025-11-17T11:39:49+05:30" level=info msg="[2025-11-17T06:09:47.525Z] ✅ Login successful | User: load_user_6493 | Response Time: 1178.260607 ms" source=console
time="2025-11-17T11:39:49+05:30" level=info msg="[2025-11-17T06:09:49.029Z] 🔹 VU 6 attempting login for: load_user_6493" source=console
time="2025-11-17T11:39:49+05:30" level=info msg="[K6-METRIC] status_code=200" source=console
time="2025-11-17T11:39:49+05:30" level=info msg="[K6-METRIC] response_time=758.754101" source=console
time="2025-11-17T11:39:49+05:30" level=info msg="[K6-COOKIE] user=username | cookie=AUTH_SESSION_ID | value_snippet=9c605e27-5a4b-49fd-827c-feca2409" source=console
time="2025-11-17T11:39:49+05:30" level=info msg="[K6-COOKIE] user=username | cookie=KC_RESTART | value_snippet=eyJhbGciOiJkaXIiLCJlbmMiOiJBMTI4" source=console
time="2025-11-17T11:39:49+05:30" level=info msg="[2025-11-17T06:09:48.630Z] ✅ Login successful | User: username | Response Time: 758.754101 ms" source=console
time="2025-11-17T11:39:49+05:30" level=info msg="[2025-11-17T06:09:49.430Z] 🔹 VU 1 attempting login for: username" source=console

running (02.0s), 10/10 VUs, 13 complete and 0 interrupted iterations
default   [   8% ] 10 VUs  02.0s/25s
time="2025-11-17T11:39:49+05:30" level=info msg="[K6-METRIC] status_code=200" source=console
time="2025-11-17T11:39:49+05:30" level=info msg="[K6-METRIC] response_time=1572.074682" source=console
time="2025-11-17T11:39:49+05:30" level=info msg="[K6-COOKIE] user=load_user_6129 | cookie=AUTH_SESSION_ID | value_snippet=9d8c09c5-d300-4262-b2b3-cf8d67ff" source=console
time="2025-11-17T11:39:49+05:30" level=info msg="[K6-COOKIE] user=load_user_6129 | cookie=KC_RESTART | value_snippet=eyJhbGciOiJkaXIiLCJlbmMiOiJBMTI4" source=console
time="2025-11-17T11:39:49+05:30" level=info msg="[2025-11-17T06:09:47.525Z] ✅ Login successful | User: load_user_6129 | Response Time: 1572.074682 ms" source=console
time="2025-11-17T11:39:49+05:30" level=info msg="[2025-11-17T06:09:49.524Z] 🔹 VU 4 attempting login for: load_user_6129" source=console
time="2025-11-17T11:39:49+05:30" level=info msg="[K6-METRIC] status_code=200" source=console
time="2025-11-17T11:39:49+05:30" level=info msg="[K6-METRIC] response_time=721.906237" source=console
time="2025-11-17T11:39:49+05:30" level=info msg="[K6-COOKIE] user=load_user_9819 | cookie=AUTH_SESSION_ID | value_snippet=5f85603c-be83-417a-b4e6-6a9985eb" source=console
time="2025-11-17T11:39:49+05:30" level=info msg="[K6-COOKIE] user=load_user_9819 | cookie=KC_RESTART | value_snippet=eyJhbGciOiJkaXIiLCJlbmMiOiJBMTI4" source=console
time="2025-11-17T11:39:49+05:30" level=info msg="[2025-11-17T06:09:48.858Z] ✅ Login successful | User: load_user_9819 | Response Time: 721.906237 ms" source=console
time="2025-11-17T11:39:49+05:30" level=info msg="[2025-11-17T06:09:49.622Z] 🔹 VU 10 attempting login for: load_user_9819" source=console
time="2025-11-17T11:39:49+05:30" level=info msg="[K6-METRIC] status_code=200" source=console
time="2025-11-17T11:39:49+05:30" level=info msg="[K6-METRIC] response_time=786.090703" source=console
time="2025-11-17T11:39:49+05:30" level=info msg="[K6-COOKIE] user=load_user_7262 | cookie=AUTH_SESSION_ID | value_snippet=4d63a2a4-5293-41c7-9345-d09d98d8" source=console
time="2025-11-17T11:39:49+05:30" level=info msg="[K6-COOKIE] user=load_user_7262 | cookie=KC_RESTART | value_snippet=eyJhbGciOiJkaXIiLCJlbmMiOiJBMTI4" source=console
time="2025-11-17T11:39:49+05:30" level=info msg="[2025-11-17T06:09:48.739Z] ✅ Login successful | User: load_user_7262 | Response Time: 786.090703 ms" source=console
time="2025-11-17T11:39:49+05:30" level=info msg="[2025-11-17T06:09:49.627Z] 🔹 VU 3 attempting login for: load_user_7262" source=console
time="2025-11-17T11:39:49+05:30" level=info msg="[K6-METRIC] status_code=200" source=console
time="2025-11-17T11:39:49+05:30" level=info msg="[K6-METRIC] response_time=1779.982409" source=console
time="2025-11-17T11:39:49+05:30" level=info msg="[K6-COOKIE] user=load_user_9380 | cookie=AUTH_SESSION_ID | value_snippet=d625a258-ee8a-486e-b2df-997aef6f" source=console
time="2025-11-17T11:39:49+05:30" level=info msg="[K6-COOKIE] user=load_user_9380 | cookie=KC_RESTART | value_snippet=eyJhbGciOiJkaXIiLCJlbmMiOiJBMTI4" source=console
time="2025-11-17T11:39:49+05:30" level=info msg="[2025-11-17T06:09:47.525Z] ✅ Login successful | User: load_user_9380 | Response Time: 1779.982409 ms" source=console
time="2025-11-17T11:39:49+05:30" level=info msg="[2025-11-17T06:09:49.728Z] 🔹 VU 5 attempting login for: load_user_9380" source=console
time="2025-11-17T11:39:49+05:30" level=info msg="[K6-METRIC] status_code=200" source=console
time="2025-11-17T11:39:49+05:30" level=info msg="[K6-METRIC] response_time=1047.13307" source=console
time="2025-11-17T11:39:49+05:30" level=info msg="[K6-COOKIE] user=load_user_1116 | cookie=AUTH_SESSION_ID | value_snippet=8c920127-6e81-4bcc-b31e-4bdde6cc" source=console
time="2025-11-17T11:39:49+05:30" level=info msg="[K6-COOKIE] user=load_user_1116 | cookie=KC_RESTART | value_snippet=eyJhbGciOiJkaXIiLCJlbmMiOiJBMTI4" source=console
time="2025-11-17T11:39:49+05:30" level=info msg="[2025-11-17T06:09:48.728Z] ✅ Login successful | User: load_user_1116 | Response Time: 1047.13307 ms" source=console
time="2025-11-17T11:39:49+05:30" level=info msg="[2025-11-17T06:09:49.829Z] 🔹 VU 9 attempting login for: load_user_1116" source=console
time="2025-11-17T11:39:49+05:30" level=info msg="[K6-METRIC] status_code=200" source=console
time="2025-11-17T11:39:49+05:30" level=info msg="[K6-METRIC] response_time=761.888176" source=console
time="2025-11-17T11:39:49+05:30" level=info msg="[K6-COOKIE] user=load_user_6493 | cookie=KC_RESTART | value_snippet=eyJhbGciOiJkaXIiLCJlbmMiOiJBMTI4" source=console
time="2025-11-17T11:39:49+05:30" level=info msg="[K6-COOKIE] user=load_user_6493 | cookie=AUTH_SESSION_ID | value_snippet=26eae5c5-b922-4133-903f-0fd34de4" source=console
time="2025-11-17T11:39:49+05:30" level=info msg="[2025-11-17T06:09:49.029Z] ✅ Login successful | User: load_user_6493 | Response Time: 761.888176 ms" source=console
time="2025-11-17T11:39:49+05:30" level=info msg="[2025-11-17T06:09:49.830Z] 🔹 VU 6 attempting login for: load_user_6493" source=console
time="2025-11-17T11:39:49+05:30" level=info msg="[K6-METRIC] status_code=200" source=console
time="2025-11-17T11:39:49+05:30" level=info msg="[K6-METRIC] response_time=176.688316" source=console
time="2025-11-17T11:39:49+05:30" level=info msg="[K6-COOKIE] user=load_user_9819 | cookie=AUTH_SESSION_ID | value_snippet=6e97bcb2-a357-4eb0-89a9-208c636c" source=console
time="2025-11-17T11:39:49+05:30" level=info msg="[K6-COOKIE] user=load_user_9819 | cookie=KC_RESTART | value_snippet=eyJhbGciOiJkaXIiLCJlbmMiOiJBMTI4" source=console
time="2025-11-17T11:39:49+05:30" level=info msg="[2025-11-17T06:09:49.622Z] ✅ Login successful | User: load_user_9819 | Response Time: 176.688316 ms" source=console
time="2025-11-17T11:39:49+05:30" level=info msg="[2025-11-17T06:09:49.834Z] 🔹 VU 10 attempting login for: load_user_9819" source=console
time="2025-11-17T11:39:50+05:30" level=info msg="[K6-METRIC] status_code=200" source=console
time="2025-11-17T11:39:50+05:30" level=info msg="[K6-METRIC] response_time=1548.367475" source=console
time="2025-11-17T11:39:50+05:30" level=info msg="[K6-COOKIE] user=load_user_9366 | cookie=AUTH_SESSION_ID | value_snippet=f2f039cd-19f0-454c-8743-4b40fc38" source=console
time="2025-11-17T11:39:50+05:30" level=info msg="[K6-METRIC] status_code=200" source=console
time="2025-11-17T11:39:50+05:30" level=info msg="[K6-COOKIE] user=load_user_9366 | cookie=KC_RESTART | value_snippet=eyJhbGciOiJkaXIiLCJlbmMiOiJBMTI4" source=console
time="2025-11-17T11:39:50+05:30" level=info msg="[K6-METRIC] response_time=670.601725" source=console
time="2025-11-17T11:39:50+05:30" level=info msg="[2025-11-17T06:09:48.739Z] ✅ Login successful | User: load_user_9366 | Response Time: 1548.367475 ms" source=console
time="2025-11-17T11:39:50+05:30" level=info msg="[K6-COOKIE] user=load_user_7262 | cookie=AUTH_SESSION_ID | value_snippet=a3c23c05-6611-485a-8a33-57437583" source=console
time="2025-11-17T11:39:50+05:30" level=info msg="[K6-COOKIE] user=load_user_7262 | cookie=KC_RESTART | value_snippet=eyJhbGciOiJkaXIiLCJlbmMiOiJBMTI4" source=console
time="2025-11-17T11:39:50+05:30" level=info msg="[2025-11-17T06:09:49.627Z] ✅ Login successful | User: load_user_7262 | Response Time: 670.601725 ms" source=console
time="2025-11-17T11:39:50+05:30" level=info msg="[2025-11-17T06:09:50.333Z] 🔹 VU 3 attempting login for: load_user_7262" source=console
time="2025-11-17T11:39:50+05:30" level=info msg="[2025-11-17T06:09:50.333Z] 🔹 VU 7 attempting login for: load_user_9366" source=console

running (03.0s), 10/10 VUs, 22 complete and 0 interrupted iterations
default   [  12% ] 10 VUs  03.0s/25s
time="2025-11-17T11:39:50+05:30" level=info msg="[K6-METRIC] status_code=200" source=console
time="2025-11-17T11:39:50+05:30" level=info msg="[K6-METRIC] response_time=1453.971457" source=console
time="2025-11-17T11:39:50+05:30" level=info msg="[K6-COOKIE] user=load_user_6048 | cookie=AUTH_SESSION_ID | value_snippet=746eabbf-5089-4ff0-8325-04e42e40" source=console
time="2025-11-17T11:39:50+05:30" level=info msg="[K6-COOKIE] user=load_user_6048 | cookie=KC_RESTART | value_snippet=eyJhbGciOiJkaXIiLCJlbmMiOiJBMTI4" source=console
time="2025-11-17T11:39:50+05:30" level=info msg="[2025-11-17T06:09:49.024Z] ✅ Login successful | User: load_user_6048 | Response Time: 1453.971457 ms" source=console
time="2025-11-17T11:39:50+05:30" level=info msg="[2025-11-17T06:09:50.524Z] 🔹 VU 8 attempting login for: load_user_6048" source=console
time="2025-11-17T11:39:50+05:30" level=info msg="[K6-METRIC] status_code=200" source=console
time="2025-11-17T11:39:50+05:30" level=info msg="[K6-METRIC] response_time=952.584005" source=console
time="2025-11-17T11:39:50+05:30" level=info msg="[K6-COOKIE] user=load_user_9819 | cookie=AUTH_SESSION_ID | value_snippet=da05e4d2-c1ef-4543-9851-7f3c8fba" source=console
time="2025-11-17T11:39:50+05:30" level=info msg="[K6-COOKIE] user=load_user_9819 | cookie=KC_RESTART | value_snippet=eyJhbGciOiJkaXIiLCJlbmMiOiJBMTI4" source=console
time="2025-11-17T11:39:50+05:30" level=info msg="[2025-11-17T06:09:49.834Z] ✅ Login successful | User: load_user_9819 | Response Time: 952.584005 ms" source=console
time="2025-11-17T11:39:50+05:30" level=info msg="[2025-11-17T06:09:50.824Z] 🔹 VU 10 attempting login for: load_user_9819" source=console
time="2025-11-17T11:39:50+05:30" level=info msg="[K6-METRIC] status_code=200" source=console
time="2025-11-17T11:39:50+05:30" level=info msg="[K6-METRIC] response_time=1063.83693" source=console
time="2025-11-17T11:39:50+05:30" level=info msg="[K6-COOKIE] user=load_user_9380 | cookie=AUTH_SESSION_ID | value_snippet=e86120af-0ff9-488d-b26d-8ccfc9c9" source=console
time="2025-11-17T11:39:50+05:30" level=info msg="[K6-COOKIE] user=load_user_9380 | cookie=KC_RESTART | value_snippet=eyJhbGciOiJkaXIiLCJlbmMiOiJBMTI4" source=console
time="2025-11-17T11:39:50+05:30" level=info msg="[2025-11-17T06:09:49.728Z] ✅ Login successful | User: load_user_9380 | Response Time: 1063.83693 ms" source=console
time="2025-11-17T11:39:50+05:30" level=info msg="[2025-11-17T06:09:50.832Z] 🔹 VU 5 attempting login for: load_user_9380" source=console
time="2025-11-17T11:39:51+05:30" level=info msg="[K6-METRIC] status_code=200" source=console
time="2025-11-17T11:39:51+05:30" level=info msg="[K6-METRIC] response_time=1155.638578" source=console
time="2025-11-17T11:39:51+05:30" level=info msg="[K6-COOKIE] user=load_user_6493 | cookie=AUTH_SESSION_ID | value_snippet=19df07f9-0a45-4dc9-9f3e-a3d84bfe" source=console
time="2025-11-17T11:39:51+05:30" level=info msg="[K6-COOKIE] user=load_user_6493 | cookie=KC_RESTART | value_snippet=eyJhbGciOiJkaXIiLCJlbmMiOiJBMTI4" source=console
time="2025-11-17T11:39:51+05:30" level=info msg="[2025-11-17T06:09:49.830Z] ✅ Login successful | User: load_user_6493 | Response Time: 1155.638578 ms" source=console
time="2025-11-17T11:39:51+05:30" level=info msg="[2025-11-17T06:09:51.023Z] 🔹 VU 6 attempting login for: load_user_6493" source=console
time="2025-11-17T11:39:51+05:30" level=info msg="[K6-METRIC] status_code=200" source=console
time="2025-11-17T11:39:51+05:30" level=info msg="[K6-METRIC] response_time=3085.242369" source=console
time="2025-11-17T11:39:51+05:30" level=info msg="[K6-COOKIE] user=load_user_7114 | cookie=KC_RESTART | value_snippet=eyJhbGciOiJkaXIiLCJlbmMiOiJBMTI4" source=console
time="2025-11-17T11:39:51+05:30" level=info msg="[K6-COOKIE] user=load_user_7114 | cookie=AUTH_SESSION_ID | value_snippet=a06ea975-5bec-4292-b9bf-7ae772c4" source=console
time="2025-11-17T11:39:51+05:30" level=info msg="[2025-11-17T06:09:47.525Z] ✅ Login successful | User: load_user_7114 | Response Time: 3085.242369 ms" source=console
time="2025-11-17T11:39:51+05:30" level=info msg="[2025-11-17T06:09:51.132Z] 🔹 VU 2 attempting login for: load_user_7114" source=console
time="2025-11-17T11:39:51+05:30" level=info msg="[K6-METRIC] status_code=200" source=console
time="2025-11-17T11:39:51+05:30" level=info msg="[K6-METRIC] response_time=703.445738" source=console
time="2025-11-17T11:39:51+05:30" level=info msg="[K6-COOKIE] user=load_user_9366 | cookie=AUTH_SESSION_ID | value_snippet=e541e2a9-3d05-44e0-9084-da1ae6cb" source=console
time="2025-11-17T11:39:51+05:30" level=info msg="[K6-COOKIE] user=load_user_9366 | cookie=KC_RESTART | value_snippet=eyJhbGciOiJkaXIiLCJlbmMiOiJBMTI4" source=console
time="2025-11-17T11:39:51+05:30" level=info msg="[2025-11-17T06:09:50.333Z] ✅ Login successful | User: load_user_9366 | Response Time: 703.445738 ms" source=console
time="2025-11-17T11:39:51+05:30" level=info msg="[2025-11-17T06:09:51.132Z] 🔹 VU 7 attempting login for: load_user_9366" source=console
time="2025-11-17T11:39:51+05:30" level=info msg="[K6-METRIC] status_code=200" source=console
time="2025-11-17T11:39:51+05:30" level=info msg="[K6-METRIC] response_time=578.769282" source=console
time="2025-11-17T11:39:51+05:30" level=info msg="[K6-COOKIE] user=load_user_6048 | cookie=AUTH_SESSION_ID | value_snippet=c99993ae-5d30-4499-ac02-49709664" source=console
time="2025-11-17T11:39:51+05:30" level=info msg="[K6-COOKIE] user=load_user_6048 | cookie=KC_RESTART | value_snippet=eyJhbGciOiJkaXIiLCJlbmMiOiJBMTI4" source=console
time="2025-11-17T11:39:51+05:30" level=info msg="[2025-11-17T06:09:50.524Z] ✅ Login successful | User: load_user_6048 | Response Time: 578.769282 ms" source=console
time="2025-11-17T11:39:51+05:30" level=info msg="[2025-11-17T06:09:51.139Z] 🔹 VU 8 attempting login for: load_user_6048" source=console

running (04.0s), 10/10 VUs, 29 complete and 0 interrupted iterations
default   [  16% ] 10 VUs  04.0s/25s
time="2025-11-17T11:39:51+05:30" level=info msg="[K6-METRIC] status_code=200" source=console
time="2025-11-17T11:39:51+05:30" level=info msg="[K6-METRIC] response_time=345.85082" source=console
time="2025-11-17T11:39:51+05:30" level=info msg="[K6-COOKIE] user=load_user_7114 | cookie=AUTH_SESSION_ID | value_snippet=7c7633c3-d3a6-42fd-a8a2-9936a54f" source=console
time="2025-11-17T11:39:51+05:30" level=info msg="[K6-COOKIE] user=load_user_7114 | cookie=KC_RESTART | value_snippet=eyJhbGciOiJkaXIiLCJlbmMiOiJBMTI4" source=console
time="2025-11-17T11:39:51+05:30" level=info msg="[2025-11-17T06:09:51.132Z] ✅ Login successful | User: load_user_7114 | Response Time: 345.85082 ms" source=console
time="2025-11-17T11:39:51+05:30" level=info msg="[2025-11-17T06:09:51.531Z] 🔹 VU 2 attempting login for: load_user_7114" source=console
time="2025-11-17T11:39:51+05:30" level=info msg="[K6-METRIC] status_code=200" source=console
time="2025-11-17T11:39:51+05:30" level=info msg="[K6-METRIC] response_time=660.740095" source=console
time="2025-11-17T11:39:51+05:30" level=info msg="[K6-COOKIE] user=load_user_9380 | cookie=AUTH_SESSION_ID | value_snippet=f86bbbe0-a8cd-427a-a19a-231f8bc1" source=console
time="2025-11-17T11:39:51+05:30" level=info msg="[K6-COOKIE] user=load_user_9380 | cookie=KC_RESTART | value_snippet=eyJhbGciOiJkaXIiLCJlbmMiOiJBMTI4" source=console
time="2025-11-17T11:39:51+05:30" level=info msg="[2025-11-17T06:09:50.832Z] ✅ Login successful | User: load_user_9380 | Response Time: 660.740095 ms" source=console
time="2025-11-17T11:39:51+05:30" level=info msg="[2025-11-17T06:09:51.531Z] 🔹 VU 5 attempting login for: load_user_9380" source=console
time="2025-11-17T11:39:51+05:30" level=info msg="[K6-METRIC] status_code=200" source=console
time="2025-11-17T11:39:51+05:30" level=info msg="[K6-METRIC] response_time=1760.427687" source=console
time="2025-11-17T11:39:51+05:30" level=info msg="[K6-COOKIE] user=load_user_1116 | cookie=AUTH_SESSION_ID | value_snippet=5446a561-b2d3-41c1-9996-e2067f14" source=console
time="2025-11-17T11:39:51+05:30" level=info msg="[K6-COOKIE] user=load_user_1116 | cookie=KC_RESTART | value_snippet=eyJhbGciOiJkaXIiLCJlbmMiOiJBMTI4" source=console
time="2025-11-17T11:39:51+05:30" level=info msg="[2025-11-17T06:09:49.829Z] ✅ Login successful | User: load_user_1116 | Response Time: 1760.427687 ms" source=console
time="2025-11-17T11:39:51+05:30" level=info msg="[2025-11-17T06:09:51.624Z] 🔹 VU 9 attempting login for: load_user_1116" source=console
time="2025-11-17T11:39:51+05:30" level=info msg="[K6-METRIC] status_code=200" source=console
time="2025-11-17T11:39:51+05:30" level=info msg="[K6-METRIC] response_time=765.502047" source=console
time="2025-11-17T11:39:51+05:30" level=info msg="[K6-COOKIE] user=load_user_9819 | cookie=AUTH_SESSION_ID | value_snippet=c116df1a-e2b8-4ab2-b41e-bd647256" source=console
time="2025-11-17T11:39:51+05:30" level=info msg="[K6-COOKIE] user=load_user_9819 | cookie=KC_RESTART | value_snippet=eyJhbGciOiJkaXIiLCJlbmMiOiJBMTI4" source=console
time="2025-11-17T11:39:51+05:30" level=info msg="[2025-11-17T06:09:50.824Z] ✅ Login successful | User: load_user_9819 | Response Time: 765.502047 ms" source=console
time="2025-11-17T11:39:51+05:30" level=info msg="[2025-11-17T06:09:51.631Z] 🔹 VU 10 attempting login for: load_user_9819" source=console
time="2025-11-17T11:39:51+05:30" level=info msg="[K6-METRIC] status_code=200" source=console
time="2025-11-17T11:39:51+05:30" level=info msg="[K6-METRIC] response_time=548.586393" source=console
time="2025-11-17T11:39:51+05:30" level=info msg="[K6-COOKIE] user=load_user_9366 | cookie=AUTH_SESSION_ID | value_snippet=2e51ed0d-7f7d-45b8-a5f1-db7fc151" source=console
time="2025-11-17T11:39:51+05:30" level=info msg="[K6-COOKIE] user=load_user_9366 | cookie=KC_RESTART | value_snippet=eyJhbGciOiJkaXIiLCJlbmMiOiJBMTI4" source=console
time="2025-11-17T11:39:51+05:30" level=info msg="[2025-11-17T06:09:51.132Z] ✅ Login successful | User: load_user_9366 | Response Time: 548.586393 ms" source=console
time="2025-11-17T11:39:51+05:30" level=info msg="[2025-11-17T06:09:51.727Z] 🔹 VU 7 attempting login for: load_user_9366" source=console
time="2025-11-17T11:39:51+05:30" level=info msg="[K6-METRIC] status_code=200" source=console
time="2025-11-17T11:39:51+05:30" level=info msg="[K6-METRIC] response_time=2261.523022" source=console
time="2025-11-17T11:39:51+05:30" level=info msg="[K6-COOKIE] user=load_user_6129 | cookie=AUTH_SESSION_ID | value_snippet=29576d04-24ea-49d5-9a31-452e428e" source=console
time="2025-11-17T11:39:51+05:30" level=info msg="[K6-COOKIE] user=load_user_6129 | cookie=KC_RESTART | value_snippet=eyJhbGciOiJkaXIiLCJlbmMiOiJBMTI4" source=console
time="2025-11-17T11:39:51+05:30" level=info msg="[2025-11-17T06:09:49.524Z] ✅ Login successful | User: load_user_6129 | Response Time: 2261.523022 ms" source=console
time="2025-11-17T11:39:51+05:30" level=info msg="[2025-11-17T06:09:51.825Z] 🔹 VU 4 attempting login for: load_user_6129" source=console
time="2025-11-17T11:39:52+05:30" level=info msg="[K6-METRIC] status_code=200" source=console
time="2025-11-17T11:39:52+05:30" level=info msg="[K6-METRIC] response_time=2960.459565" source=console
time="2025-11-17T11:39:52+05:30" level=info msg="[K6-COOKIE] user=username | cookie=AUTH_SESSION_ID | value_snippet=a797f7a0-9830-4d3b-8690-b791908c" source=console
time="2025-11-17T11:39:52+05:30" level=info msg="[K6-COOKIE] user=username | cookie=KC_RESTART | value_snippet=eyJhbGciOiJkaXIiLCJlbmMiOiJBMTI4" source=console
time="2025-11-17T11:39:52+05:30" level=info msg="[2025-11-17T06:09:49.430Z] ✅ Login successful | User: username | Response Time: 2960.459565 ms" source=console
time="2025-11-17T11:39:52+05:30" level=info msg="[2025-11-17T06:09:52.430Z] 🔹 VU 1 attempting login for: username" source=console

running (05.0s), 10/10 VUs, 36 complete and 0 interrupted iterations
default   [  20% ] 10 VUs  05.0s/25s
time="2025-11-17T11:39:52+05:30" level=info msg="[K6-METRIC] status_code=200" source=console
time="2025-11-17T11:39:52+05:30" level=info msg="[K6-METRIC] response_time=1136.252796" source=console
time="2025-11-17T11:39:52+05:30" level=info msg="[K6-COOKIE] user=load_user_7114 | cookie=AUTH_SESSION_ID | value_snippet=c7389a53-20a9-436f-a018-8b3c9c42" source=console
time="2025-11-17T11:39:52+05:30" level=info msg="[K6-COOKIE] user=load_user_7114 | cookie=KC_RESTART | value_snippet=eyJhbGciOiJkaXIiLCJlbmMiOiJBMTI4" source=console
time="2025-11-17T11:39:52+05:30" level=info msg="[2025-11-17T06:09:51.531Z] ✅ Login successful | User: load_user_7114 | Response Time: 1136.252796 ms" source=console
time="2025-11-17T11:39:52+05:30" level=info msg="[2025-11-17T06:09:52.731Z] 🔹 VU 2 attempting login for: load_user_7114" source=console
time="2025-11-17T11:39:52+05:30" level=info msg="[K6-METRIC] status_code=200" source=console
time="2025-11-17T11:39:52+05:30" level=info msg="[K6-METRIC] response_time=1163.081452" source=console
time="2025-11-17T11:39:52+05:30" level=info msg="[K6-COOKIE] user=load_user_9819 | cookie=AUTH_SESSION_ID | value_snippet=a5dadd4c-59b9-48c3-869c-78d589f0" source=console
time="2025-11-17T11:39:52+05:30" level=info msg="[K6-COOKIE] user=load_user_9819 | cookie=KC_RESTART | value_snippet=eyJhbGciOiJkaXIiLCJlbmMiOiJBMTI4" source=console
time="2025-11-17T11:39:52+05:30" level=info msg="[2025-11-17T06:09:51.631Z] ✅ Login successful | User: load_user_9819 | Response Time: 1163.081452 ms" source=console
time="2025-11-17T11:39:52+05:30" level=info msg="[2025-11-17T06:09:52.830Z] 🔹 VU 10 attempting login for: load_user_9819" source=console
time="2025-11-17T11:39:52+05:30" level=info msg="[K6-METRIC] status_code=200" source=console
time="2025-11-17T11:39:52+05:30" level=info msg="[K6-METRIC] response_time=1062.263936" source=console
time="2025-11-17T11:39:52+05:30" level=info msg="[K6-COOKIE] user=load_user_9366 | cookie=AUTH_SESSION_ID | value_snippet=3ebcad05-cfe8-4fbc-ba10-67c78ad2" source=console
time="2025-11-17T11:39:52+05:30" level=info msg="[K6-COOKIE] user=load_user_9366 | cookie=KC_RESTART | value_snippet=eyJhbGciOiJkaXIiLCJlbmMiOiJBMTI4" source=console
time="2025-11-17T11:39:52+05:30" level=info msg="[2025-11-17T06:09:51.727Z] ✅ Login successful | User: load_user_9366 | Response Time: 1062.263936 ms" source=console
time="2025-11-17T11:39:52+05:30" level=info msg="[2025-11-17T06:09:52.830Z] 🔹 VU 7 attempting login for: load_user_9366" source=console
time="2025-11-17T11:39:52+05:30" level=info msg="[K6-METRIC] status_code=200" source=console
time="2025-11-17T11:39:52+05:30" level=info msg="[K6-METRIC] response_time=1057.96034" source=console
time="2025-11-17T11:39:52+05:30" level=info msg="[K6-COOKIE] user=load_user_6129 | cookie=AUTH_SESSION_ID | value_snippet=adf02a91-497c-4938-aec7-69de8b44" source=console
time="2025-11-17T11:39:52+05:30" level=info msg="[K6-COOKIE] user=load_user_6129 | cookie=KC_RESTART | value_snippet=eyJhbGciOiJkaXIiLCJlbmMiOiJBMTI4" source=console
time="2025-11-17T11:39:52+05:30" level=info msg="[2025-11-17T06:09:51.825Z] ✅ Login successful | User: load_user_6129 | Response Time: 1057.96034 ms" source=console
time="2025-11-17T11:39:52+05:30" level=info msg="[2025-11-17T06:09:52.923Z] 🔹 VU 4 attempting login for: load_user_6129" source=console
time="2025-11-17T11:39:53+05:30" level=info msg="[K6-METRIC] status_code=200" source=console
time="2025-11-17T11:39:53+05:30" level=info msg="[K6-METRIC] response_time=2366.873794" source=console
time="2025-11-17T11:39:53+05:30" level=info msg="[K6-COOKIE] user=load_user_6493 | cookie=AUTH_SESSION_ID | value_snippet=9197389b-09b4-4294-9966-ab029791" source=console
time="2025-11-17T11:39:53+05:30" level=info msg="[K6-COOKIE] user=load_user_6493 | cookie=KC_RESTART | value_snippet=eyJhbGciOiJkaXIiLCJlbmMiOiJBMTI4" source=console
time="2025-11-17T11:39:53+05:30" level=info msg="[2025-11-17T06:09:51.023Z] ✅ Login successful | User: load_user_6493 | Response Time: 2366.873794 ms" source=console
time="2025-11-17T11:39:53+05:30" level=info msg="[2025-11-17T06:09:53.426Z] 🔹 VU 6 attempting login for: load_user_6493" source=console
time="2025-11-17T11:39:53+05:30" level=info msg="[K6-METRIC] status_code=200" source=console
time="2025-11-17T11:39:53+05:30" level=info msg="[K6-METRIC] response_time=2997.930249" source=console
time="2025-11-17T11:39:53+05:30" level=info msg="[K6-COOKIE] user=load_user_7262 | cookie=AUTH_SESSION_ID | value_snippet=e78130b1-3477-49a3-9818-5a6071fd" source=console
time="2025-11-17T11:39:53+05:30" level=info msg="[K6-COOKIE] user=load_user_7262 | cookie=KC_RESTART | value_snippet=eyJhbGciOiJkaXIiLCJlbmMiOiJBMTI4" source=console
time="2025-11-17T11:39:53+05:30" level=info msg="[2025-11-17T06:09:50.333Z] ✅ Login successful | User: load_user_7262 | Response Time: 2997.930249 ms" source=console
time="2025-11-17T11:39:53+05:30" level=info msg="[2025-11-17T06:09:53.427Z] 🔹 VU 3 attempting login for: load_user_7262" source=console
time="2025-11-17T11:39:53+05:30" level=info msg="[K6-METRIC] status_code=200" source=console
time="2025-11-17T11:39:53+05:30" level=info msg="[K6-METRIC] response_time=659.572058" source=console
time="2025-11-17T11:39:53+05:30" level=info msg="[K6-COOKIE] user=load_user_7114 | cookie=AUTH_SESSION_ID | value_snippet=30980aff-79a5-4add-8599-b6eadcd4" source=console
time="2025-11-17T11:39:53+05:30" level=info msg="[K6-COOKIE] user=load_user_7114 | cookie=KC_RESTART | value_snippet=eyJhbGciOiJkaXIiLCJlbmMiOiJBMTI4" source=console
time="2025-11-17T11:39:53+05:30" level=info msg="[2025-11-17T06:09:52.731Z] ✅ Login successful | User: load_user_7114 | Response Time: 659.572058 ms" source=console
time="2025-11-17T11:39:53+05:30" level=info msg="[2025-11-17T06:09:53.430Z] 🔹 VU 2 attempting login for: load_user_7114" source=console
time="2025-11-17T11:39:53+05:30" level=info msg="[K6-METRIC] status_code=200" source=console
time="2025-11-17T11:39:53+05:30" level=info msg="[K6-METRIC] response_time=2246.494754" source=console
time="2025-11-17T11:39:53+05:30" level=info msg="[K6-COOKIE] user=load_user_6048 | cookie=AUTH_SESSION_ID | value_snippet=896d8e15-0ecf-4b95-be5b-abf97eff" source=console
time="2025-11-17T11:39:53+05:30" level=info msg="[K6-COOKIE] user=load_user_6048 | cookie=KC_RESTART | value_snippet=eyJhbGciOiJkaXIiLCJlbmMiOiJBMTI4" source=console
time="2025-11-17T11:39:53+05:30" level=info msg="[2025-11-17T06:09:51.139Z] ✅ Login successful | User: load_user_6048 | Response Time: 2246.494754 ms" source=console
time="2025-11-17T11:39:53+05:30" level=info msg="[2025-11-17T06:09:53.431Z] 🔹 VU 8 attempting login for: load_user_6048" source=console

running (06.0s), 10/10 VUs, 44 complete and 0 interrupted iterations
default   [  24% ] 10 VUs  06.0s/25s
time="2025-11-17T11:39:53+05:30" level=info msg="[K6-METRIC] status_code=200" source=console
time="2025-11-17T11:39:53+05:30" level=info msg="[K6-METRIC] response_time=1967.450823" source=console
time="2025-11-17T11:39:53+05:30" level=info msg="[K6-COOKIE] user=load_user_1116 | cookie=KC_RESTART | value_snippet=eyJhbGciOiJkaXIiLCJlbmMiOiJBMTI4" source=console
time="2025-11-17T11:39:53+05:30" level=info msg="[K6-COOKIE] user=load_user_1116 | cookie=AUTH_SESSION_ID | value_snippet=ebb9ab01-c291-4ece-a9c3-dc883b92" source=console
time="2025-11-17T11:39:53+05:30" level=info msg="[2025-11-17T06:09:51.624Z] ✅ Login successful | User: load_user_1116 | Response Time: 1967.450823 ms" source=console
time="2025-11-17T11:39:53+05:30" level=info msg="[2025-11-17T06:09:53.631Z] 🔹 VU 9 attempting login for: load_user_1116" source=console
time="2025-11-17T11:39:53+05:30" level=info msg="[K6-METRIC] status_code=200" source=console
time="2025-11-17T11:39:53+05:30" level=info msg="[K6-METRIC] response_time=764.787675" source=console
time="2025-11-17T11:39:53+05:30" level=info msg="[K6-COOKIE] user=load_user_9366 | cookie=AUTH_SESSION_ID | value_snippet=16c5a643-4d92-467f-9922-bf4e8f13" source=console
time="2025-11-17T11:39:53+05:30" level=info msg="[K6-COOKIE] user=load_user_9366 | cookie=KC_RESTART | value_snippet=eyJhbGciOiJkaXIiLCJlbmMiOiJBMTI4" source=console
time="2025-11-17T11:39:53+05:30" level=info msg="[2025-11-17T06:09:52.830Z] ✅ Login successful | User: load_user_9366 | Response Time: 764.787675 ms" source=console
time="2025-11-17T11:39:53+05:30" level=info msg="[2025-11-17T06:09:53.633Z] 🔹 VU 7 attempting login for: load_user_9366" source=console
time="2025-11-17T11:39:54+05:30" level=info msg="[K6-METRIC] status_code=200" source=console
time="2025-11-17T11:39:54+05:30" level=info msg="[K6-METRIC] response_time=556.595988" source=console
time="2025-11-17T11:39:54+05:30" level=info msg="[K6-COOKIE] user=load_user_6493 | cookie=AUTH_SESSION_ID | value_snippet=042dee5a-4dbd-4d23-bdd9-d485347a" source=console
time="2025-11-17T11:39:54+05:30" level=info msg="[K6-COOKIE] user=load_user_6493 | cookie=KC_RESTART | value_snippet=eyJhbGciOiJkaXIiLCJlbmMiOiJBMTI4" source=console
time="2025-11-17T11:39:54+05:30" level=info msg="[2025-11-17T06:09:53.426Z] ✅ Login successful | User: load_user_6493 | Response Time: 556.595988 ms" source=console
time="2025-11-17T11:39:54+05:30" level=info msg="[2025-11-17T06:09:54.034Z] 🔹 VU 6 attempting login for: load_user_6493" source=console

running (07.0s), 10/10 VUs, 47 complete and 0 interrupted iterations
default   [  28% ] 10 VUs  07.0s/25s
time="2025-11-17T11:39:54+05:30" level=info msg="[K6-METRIC] status_code=200" source=console
time="2025-11-17T11:39:54+05:30" level=info msg="[K6-METRIC] response_time=1280.64164" source=console
time="2025-11-17T11:39:54+05:30" level=info msg="[K6-COOKIE] user=load_user_6048 | cookie=AUTH_SESSION_ID | value_snippet=d55d699a-4aa2-426f-850a-2668ba4a" source=console
time="2025-11-17T11:39:54+05:30" level=info msg="[K6-COOKIE] user=load_user_6048 | cookie=KC_RESTART | value_snippet=eyJhbGciOiJkaXIiLCJlbmMiOiJBMTI4" source=console
time="2025-11-17T11:39:54+05:30" level=info msg="[2025-11-17T06:09:53.431Z] ✅ Login successful | User: load_user_6048 | Response Time: 1280.64164 ms" source=console
time="2025-11-17T11:39:54+05:30" level=info msg="[2025-11-17T06:09:54.827Z] 🔹 VU 8 attempting login for: load_user_6048" source=console
time="2025-11-17T11:39:54+05:30" level=info msg="[K6-METRIC] status_code=200" source=console
time="2025-11-17T11:39:54+05:30" level=info msg="[K6-METRIC] response_time=3235.573716" source=console
time="2025-11-17T11:39:54+05:30" level=info msg="[K6-COOKIE] user=load_user_9380 | cookie=AUTH_SESSION_ID | value_snippet=31076344-f035-43f1-b7dd-770d34e3" source=console
time="2025-11-17T11:39:54+05:30" level=info msg="[K6-COOKIE] user=load_user_9380 | cookie=KC_RESTART | value_snippet=eyJhbGciOiJkaXIiLCJlbmMiOiJBMTI4" source=console
time="2025-11-17T11:39:54+05:30" level=info msg="[2025-11-17T06:09:51.531Z] ✅ Login successful | User: load_user_9380 | Response Time: 3235.573716 ms" source=console
time="2025-11-17T11:39:54+05:30" level=info msg="[2025-11-17T06:09:54.831Z] 🔹 VU 5 attempting login for: load_user_9380" source=console
time="2025-11-17T11:39:54+05:30" level=info msg="[K6-METRIC] status_code=200" source=console
time="2025-11-17T11:39:54+05:30" level=info msg="[K6-METRIC] response_time=1153.762724" source=console
time="2025-11-17T11:39:54+05:30" level=info msg="[K6-COOKIE] user=load_user_9366 | cookie=AUTH_SESSION_ID | value_snippet=94a9d757-2009-4970-89ac-e064fe77" source=console
time="2025-11-17T11:39:54+05:30" level=info msg="[K6-COOKIE] user=load_user_9366 | cookie=KC_RESTART | value_snippet=eyJhbGciOiJkaXIiLCJlbmMiOiJBMTI4" source=console
time="2025-11-17T11:39:54+05:30" level=info msg="[2025-11-17T06:09:53.633Z] ✅ Login successful | User: load_user_9366 | Response Time: 1153.762724 ms" source=console
time="2025-11-17T11:39:54+05:30" level=info msg="[2025-11-17T06:09:54.832Z] 🔹 VU 7 attempting login for: load_user_9366" source=console
time="2025-11-17T11:39:54+05:30" level=info msg="[K6-METRIC] status_code=200" source=console
time="2025-11-17T11:39:54+05:30" level=info msg="[K6-METRIC] response_time=1400.546788" source=console
time="2025-11-17T11:39:54+05:30" level=info msg="[K6-COOKIE] user=load_user_7262 | cookie=KC_RESTART | value_snippet=eyJhbGciOiJkaXIiLCJlbmMiOiJBMTI4" source=console
time="2025-11-17T11:39:54+05:30" level=info msg="[K6-COOKIE] user=load_user_7262 | cookie=AUTH_SESSION_ID | value_snippet=2965129c-4557-4559-acad-b818e223" source=console
time="2025-11-17T11:39:54+05:30" level=info msg="[2025-11-17T06:09:53.427Z] ✅ Login successful | User: load_user_7262 | Response Time: 1400.546788 ms" source=console
time="2025-11-17T11:39:54+05:30" level=info msg="[2025-11-17T06:09:54.943Z] 🔹 VU 3 attempting login for: load_user_7262" source=console
time="2025-11-17T11:39:55+05:30" level=info msg="[K6-METRIC] status_code=200" source=console
time="2025-11-17T11:39:55+05:30" level=info msg="[K6-METRIC] response_time=1647.385624" source=console
time="2025-11-17T11:39:55+05:30" level=info msg="[K6-COOKIE] user=load_user_1116 | cookie=AUTH_SESSION_ID | value_snippet=03c55c08-d3b6-439f-98e3-df401db1" source=console
time="2025-11-17T11:39:55+05:30" level=info msg="[K6-COOKIE] user=load_user_1116 | cookie=KC_RESTART | value_snippet=eyJhbGciOiJkaXIiLCJlbmMiOiJBMTI4" source=console
time="2025-11-17T11:39:55+05:30" level=info msg="[2025-11-17T06:09:53.631Z] ✅ Login successful | User: load_user_1116 | Response Time: 1647.385624 ms" source=console
time="2025-11-17T11:39:55+05:30" level=info msg="[K6-METRIC] status_code=200" source=console
time="2025-11-17T11:39:55+05:30" level=info msg="[K6-METRIC] response_time=2362.054102" source=console
time="2025-11-17T11:39:55+05:30" level=info msg="[K6-COOKIE] user=load_user_6129 | cookie=AUTH_SESSION_ID | value_snippet=d4a982c3-fc62-4ceb-89ba-9304732d" source=console
time="2025-11-17T11:39:55+05:30" level=info msg="[K6-COOKIE] user=load_user_6129 | cookie=KC_RESTART | value_snippet=eyJhbGciOiJkaXIiLCJlbmMiOiJBMTI4" source=console
time="2025-11-17T11:39:55+05:30" level=info msg="[2025-11-17T06:09:52.923Z] ✅ Login successful | User: load_user_6129 | Response Time: 2362.054102 ms" source=console
time="2025-11-17T11:39:55+05:30" level=info msg="[2025-11-17T06:09:55.324Z] 🔹 VU 9 attempting login for: load_user_1116" source=console
time="2025-11-17T11:39:55+05:30" level=info msg="[2025-11-17T06:09:55.324Z] 🔹 VU 4 attempting login for: load_user_6129" source=console
time="2025-11-17T11:39:55+05:30" level=info msg="[K6-METRIC] status_code=200" source=console
time="2025-11-17T11:39:55+05:30" level=info msg="[K6-METRIC] response_time=2460.579785" source=console
time="2025-11-17T11:39:55+05:30" level=info msg="[K6-COOKIE] user=load_user_9819 | cookie=AUTH_SESSION_ID | value_snippet=909880c5-11b3-436a-b477-3545b235" source=console
time="2025-11-17T11:39:55+05:30" level=info msg="[K6-COOKIE] user=load_user_9819 | cookie=KC_RESTART | value_snippet=eyJhbGciOiJkaXIiLCJlbmMiOiJBMTI4" source=console
time="2025-11-17T11:39:55+05:30" level=info msg="[2025-11-17T06:09:52.830Z] ✅ Login successful | User: load_user_9819 | Response Time: 2460.579785 ms" source=console
time="2025-11-17T11:39:55+05:30" level=info msg="[2025-11-17T06:09:55.329Z] 🔹 VU 10 attempting login for: load_user_9819" source=console
time="2025-11-17T11:39:55+05:30" level=info msg="[K6-METRIC] status_code=200" source=console
time="2025-11-17T11:39:55+05:30" level=info msg="[K6-METRIC] response_time=1352.686235" source=console
time="2025-11-17T11:39:55+05:30" level=info msg="[K6-COOKIE] user=load_user_6493 | cookie=AUTH_SESSION_ID | value_snippet=91915911-8ff5-45b3-8e2e-1cc46310" source=console
time="2025-11-17T11:39:55+05:30" level=info msg="[K6-COOKIE] user=load_user_6493 | cookie=KC_RESTART | value_snippet=eyJhbGciOiJkaXIiLCJlbmMiOiJBMTI4" source=console
time="2025-11-17T11:39:55+05:30" level=info msg="[2025-11-17T06:09:54.034Z] ✅ Login successful | User: load_user_6493 | Response Time: 1352.686235 ms" source=console
time="2025-11-17T11:39:55+05:30" level=info msg="[2025-11-17T06:09:55.430Z] 🔹 VU 6 attempting login for: load_user_6493" source=console

running (08.0s), 10/10 VUs, 55 complete and 0 interrupted iterations
default   [  32% ] 10 VUs  08.0s/25s
time="2025-11-17T11:39:55+05:30" level=info msg="[K6-METRIC] status_code=200" source=console
time="2025-11-17T11:39:55+05:30" level=info msg="[K6-METRIC] response_time=2082.271116" source=console
time="2025-11-17T11:39:55+05:30" level=info msg="[K6-COOKIE] user=load_user_7114 | cookie=AUTH_SESSION_ID | value_snippet=ddacb142-4b20-4c81-9493-305828c0" source=console
time="2025-11-17T11:39:55+05:30" level=info msg="[K6-COOKIE] user=load_user_7114 | cookie=KC_RESTART | value_snippet=eyJhbGciOiJkaXIiLCJlbmMiOiJBMTI4" source=console
time="2025-11-17T11:39:55+05:30" level=info msg="[2025-11-17T06:09:53.430Z] ✅ Login successful | User: load_user_7114 | Response Time: 2082.271116 ms" source=console
time="2025-11-17T11:39:55+05:30" level=info msg="[2025-11-17T06:09:55.623Z] 🔹 VU 2 attempting login for: load_user_7114" source=console
time="2025-11-17T11:39:56+05:30" level=info msg="[K6-METRIC] status_code=200" source=console
time="2025-11-17T11:39:56+05:30" level=info msg="[K6-METRIC] response_time=664.828496" source=console
time="2025-11-17T11:39:56+05:30" level=info msg="[K6-COOKIE] user=load_user_6493 | cookie=AUTH_SESSION_ID | value_snippet=bd357d2d-95f6-4a68-8574-03382047" source=console
time="2025-11-17T11:39:56+05:30" level=info msg="[K6-COOKIE] user=load_user_6493 | cookie=KC_RESTART | value_snippet=eyJhbGciOiJkaXIiLCJlbmMiOiJBMTI4" source=console
time="2025-11-17T11:39:56+05:30" level=info msg="[2025-11-17T06:09:55.430Z] ✅ Login successful | User: load_user_6493 | Response Time: 664.828496 ms" source=console
time="2025-11-17T11:39:56+05:30" level=info msg="[2025-11-17T06:09:56.132Z] 🔹 VU 6 attempting login for: load_user_6493" source=console
time="2025-11-17T11:39:56+05:30" level=info msg="[K6-METRIC] status_code=200" source=console
time="2025-11-17T11:39:56+05:30" level=info msg="[K6-METRIC] response_time=3759.353036" source=console
time="2025-11-17T11:39:56+05:30" level=info msg="[K6-COOKIE] user=username | cookie=AUTH_SESSION_ID | value_snippet=ffba97e6-c25c-4aec-8480-7f724af1" source=console
time="2025-11-17T11:39:56+05:30" level=info msg="[K6-COOKIE] user=username | cookie=KC_RESTART | value_snippet=eyJhbGciOiJkaXIiLCJlbmMiOiJBMTI4" source=console
time="2025-11-17T11:39:56+05:30" level=info msg="[2025-11-17T06:09:52.430Z] ✅ Login successful | User: username | Response Time: 3759.353036 ms" source=console
time="2025-11-17T11:39:56+05:30" level=info msg="[2025-11-17T06:09:56.226Z] 🔹 VU 1 attempting login for: username" source=console
time="2025-11-17T11:39:56+05:30" level=info msg="[K6-METRIC] status_code=200" source=console
time="2025-11-17T11:39:56+05:30" level=info msg="[K6-METRIC] response_time=1355.580772" source=console
time="2025-11-17T11:39:56+05:30" level=info msg="[K6-COOKIE] user=load_user_9366 | cookie=AUTH_SESSION_ID | value_snippet=961e71f0-273b-4673-a743-9233affd" source=console
time="2025-11-17T11:39:56+05:30" level=info msg="[K6-COOKIE] user=load_user_9366 | cookie=KC_RESTART | value_snippet=eyJhbGciOiJkaXIiLCJlbmMiOiJBMTI4" source=console
time="2025-11-17T11:39:56+05:30" level=info msg="[2025-11-17T06:09:54.832Z] ✅ Login successful | User: load_user_9366 | Response Time: 1355.580772 ms" source=console
time="2025-11-17T11:39:56+05:30" level=info msg="[2025-11-17T06:09:56.228Z] 🔹 VU 7 attempting login for: load_user_9366" source=console
time="2025-11-17T11:39:56+05:30" level=info msg="[K6-METRIC] status_code=200" source=console
time="2025-11-17T11:39:56+05:30" level=info msg="[K6-METRIC] response_time=1452.985617" source=console
time="2025-11-17T11:39:56+05:30" level=info msg="[K6-COOKIE] user=load_user_6048 | cookie=AUTH_SESSION_ID | value_snippet=4dc933aa-f495-4aac-bc69-7680762c" source=console
time="2025-11-17T11:39:56+05:30" level=info msg="[K6-COOKIE] user=load_user_6048 | cookie=KC_RESTART | value_snippet=eyJhbGciOiJkaXIiLCJlbmMiOiJBMTI4" source=console
time="2025-11-17T11:39:56+05:30" level=info msg="[2025-11-17T06:09:54.827Z] ✅ Login successful | User: load_user_6048 | Response Time: 1452.985617 ms" source=console
time="2025-11-17T11:39:56+05:30" level=info msg="[2025-11-17T06:09:56.324Z] 🔹 VU 8 attempting login for: load_user_6048" source=console
time="2025-11-17T11:39:56+05:30" level=info msg="[K6-METRIC] status_code=200" source=console
time="2025-11-17T11:39:56+05:30" level=info msg="[K6-METRIC] response_time=1347.512593" source=console
time="2025-11-17T11:39:56+05:30" level=info msg="[K6-COOKIE] user=load_user_7262 | cookie=AUTH_SESSION_ID | value_snippet=991abd61-983a-47c5-8c50-059410bb" source=console
time="2025-11-17T11:39:56+05:30" level=info msg="[K6-COOKIE] user=load_user_7262 | cookie=KC_RESTART | value_snippet=eyJhbGciOiJkaXIiLCJlbmMiOiJBMTI4" source=console
time="2025-11-17T11:39:56+05:30" level=info msg="[2025-11-17T06:09:54.943Z] ✅ Login successful | User: load_user_7262 | Response Time: 1347.512593 ms" source=console
time="2025-11-17T11:39:56+05:30" level=info msg="[2025-11-17T06:09:56.330Z] 🔹 VU 3 attempting login for: load_user_7262" source=console
time="2025-11-17T11:39:56+05:30" level=info msg="[K6-METRIC] status_code=200" source=console
time="2025-11-17T11:39:56+05:30" level=info msg="[K6-METRIC] response_time=759.896479" source=console
time="2025-11-17T11:39:56+05:30" level=info msg="[K6-COOKIE] user=load_user_7114 | cookie=AUTH_SESSION_ID | value_snippet=a3468a9a-3a5e-4332-9a62-e5012858" source=console
time="2025-11-17T11:39:56+05:30" level=info msg="[K6-COOKIE] user=load_user_7114 | cookie=KC_RESTART | value_snippet=eyJhbGciOiJkaXIiLCJlbmMiOiJBMTI4" source=console
time="2025-11-17T11:39:56+05:30" level=info msg="[2025-11-17T06:09:55.623Z] ✅ Login successful | User: load_user_7114 | Response Time: 759.896479 ms" source=console
time="2025-11-17T11:39:56+05:30" level=info msg="[2025-11-17T06:09:56.424Z] 🔹 VU 2 attempting login for: load_user_7114" source=console

running (09.0s), 10/10 VUs, 62 complete and 0 interrupted iterations
default   [  36% ] 10 VUs  09.0s/25s
time="2025-11-17T11:39:56+05:30" level=info msg="[K6-METRIC] status_code=200" source=console
time="2025-11-17T11:39:56+05:30" level=info msg="[K6-METRIC] response_time=559.709776" source=console
time="2025-11-17T11:39:56+05:30" level=info msg="[K6-COOKIE] user=load_user_6493 | cookie=AUTH_SESSION_ID | value_snippet=1e253060-6517-4927-9d97-55fd9d14" source=console
time="2025-11-17T11:39:56+05:30" level=info msg="[K6-COOKIE] user=load_user_6493 | cookie=KC_RESTART | value_snippet=eyJhbGciOiJkaXIiLCJlbmMiOiJBMTI4" source=console
time="2025-11-17T11:39:56+05:30" level=info msg="[2025-11-17T06:09:56.132Z] ✅ Login successful | User: load_user_6493 | Response Time: 559.709776 ms" source=console
time="2025-11-17T11:39:56+05:30" level=info msg="[2025-11-17T06:09:56.730Z] 🔹 VU 6 attempting login for: load_user_6493" source=console
time="2025-11-17T11:39:57+05:30" level=info msg="[K6-METRIC] status_code=200" source=console
time="2025-11-17T11:39:57+05:30" level=info msg="[K6-METRIC] response_time=2258.646733" source=console
time="2025-11-17T11:39:57+05:30" level=info msg="[K6-COOKIE] user=load_user_9380 | cookie=AUTH_SESSION_ID | value_snippet=456c8002-9ede-493f-b2fe-d83da713" source=console
time="2025-11-17T11:39:57+05:30" level=info msg="[K6-COOKIE] user=load_user_9380 | cookie=KC_RESTART | value_snippet=eyJhbGciOiJkaXIiLCJlbmMiOiJBMTI4" source=console
time="2025-11-17T11:39:57+05:30" level=info msg="[2025-11-17T06:09:54.831Z] ✅ Login successful | User: load_user_9380 | Response Time: 2258.646733 ms" source=console
time="2025-11-17T11:39:57+05:30" level=info msg="[2025-11-17T06:09:57.133Z] 🔹 VU 5 attempting login for: load_user_9380" source=console
time="2025-11-17T11:39:57+05:30" level=info msg="[K6-METRIC] status_code=200" source=console
time="2025-11-17T11:39:57+05:30" level=info msg="[K6-METRIC] response_time=1961.06509" source=console
time="2025-11-17T11:39:57+05:30" level=info msg="[K6-COOKIE] user=load_user_1116 | cookie=KC_RESTART | value_snippet=eyJhbGciOiJkaXIiLCJlbmMiOiJBMTI4" source=console
time="2025-11-17T11:39:57+05:30" level=info msg="[K6-COOKIE] user=load_user_1116 | cookie=AUTH_SESSION_ID | value_snippet=cfd4185e-9dde-4505-89ca-373ef1de" source=console
time="2025-11-17T11:39:57+05:30" level=info msg="[2025-11-17T06:09:55.324Z] ✅ Login successful | User: load_user_1116 | Response Time: 1961.06509 ms" source=console
time="2025-11-17T11:39:57+05:30" level=info msg="[2025-11-17T06:09:57.329Z] 🔹 VU 9 attempting login for: load_user_1116" source=console
time="2025-11-17T11:39:57+05:30" level=info msg="[K6-METRIC] status_code=200" source=console
time="2025-11-17T11:39:57+05:30" level=info msg="[K6-METRIC] response_time=1966.59897" source=console
time="2025-11-17T11:39:57+05:30" level=info msg="[K6-COOKIE] user=load_user_6129 | cookie=AUTH_SESSION_ID | value_snippet=d9711005-6052-4972-b63a-704fff7c" source=console
time="2025-11-17T11:39:57+05:30" level=info msg="[K6-COOKIE] user=load_user_6129 | cookie=KC_RESTART | value_snippet=eyJhbGciOiJkaXIiLCJlbmMiOiJBMTI4" source=console
time="2025-11-17T11:39:57+05:30" level=info msg="[2025-11-17T06:09:55.324Z] ✅ Login successful | User: load_user_6129 | Response Time: 1966.59897 ms" source=console
time="2025-11-17T11:39:57+05:30" level=info msg="[2025-11-17T06:09:57.330Z] 🔹 VU 4 attempting login for: load_user_6129" source=console
time="2025-11-17T11:39:57+05:30" level=info msg="[K6-METRIC] status_code=200" source=console
time="2025-11-17T11:39:57+05:30" level=info msg="[K6-METRIC] response_time=1058.497832" source=console
time="2025-11-17T11:39:57+05:30" level=info msg="[K6-COOKIE] user=load_user_7262 | cookie=AUTH_SESSION_ID | value_snippet=7365c612-9927-4df8-9d93-93de596c" source=console
time="2025-11-17T11:39:57+05:30" level=info msg="[K6-COOKIE] user=load_user_7262 | cookie=KC_RESTART | value_snippet=eyJhbGciOiJkaXIiLCJlbmMiOiJBMTI4" source=console
time="2025-11-17T11:39:57+05:30" level=info msg="[2025-11-17T06:09:56.330Z] ✅ Login successful | User: load_user_7262 | Response Time: 1058.497832 ms" source=console
time="2025-11-17T11:39:57+05:30" level=info msg="[2025-11-17T06:09:57.432Z] 🔹 VU 3 attempting login for: load_user_7262" source=console

running (10.0s), 10/10 VUs, 67 complete and 0 interrupted iterations
default   [  40% ] 10 VUs  10.0s/25s
time="2025-11-17T11:39:57+05:30" level=info msg="[K6-METRIC] status_code=200" source=console
time="2025-11-17T11:39:57+05:30" level=info msg="[K6-METRIC] response_time=1145.696287" source=console
time="2025-11-17T11:39:57+05:30" level=info msg="[K6-COOKIE] user=load_user_6493 | cookie=AUTH_SESSION_ID | value_snippet=657a2796-4084-466f-b31f-daea7529" source=console
time="2025-11-17T11:39:57+05:30" level=info msg="[K6-COOKIE] user=load_user_6493 | cookie=KC_RESTART | value_snippet=eyJhbGciOiJkaXIiLCJlbmMiOiJBMTI4" source=console
time="2025-11-17T11:39:57+05:30" level=info msg="[2025-11-17T06:09:56.730Z] ✅ Login successful | User: load_user_6493 | Response Time: 1145.696287 ms" source=console
time="2025-11-17T11:39:57+05:30" level=info msg="[2025-11-17T06:09:57.925Z] 🔹 VU 6 attempting login for: load_user_6493" source=console
time="2025-11-17T11:39:57+05:30" level=info msg="[K6-METRIC] status_code=200" source=console
time="2025-11-17T11:39:57+05:30" level=info msg="[K6-METRIC] response_time=1662.399815" source=console
time="2025-11-17T11:39:57+05:30" level=info msg="[K6-COOKIE] user=username | cookie=AUTH_SESSION_ID | value_snippet=f116fcf1-9850-4d52-a22f-321f107f" source=console
time="2025-11-17T11:39:57+05:30" level=info msg="[K6-COOKIE] user=username | cookie=KC_RESTART | value_snippet=eyJhbGciOiJkaXIiLCJlbmMiOiJBMTI4" source=console
time="2025-11-17T11:39:57+05:30" level=info msg="[2025-11-17T06:09:56.226Z] ✅ Login successful | User: username | Response Time: 1662.399815 ms" source=console
time="2025-11-17T11:39:57+05:30" level=info msg="[2025-11-17T06:09:57.929Z] 🔹 VU 1 attempting login for: username" source=console
time="2025-11-17T11:39:58+05:30" level=info msg="[K6-METRIC] status_code=200" source=console
time="2025-11-17T11:39:58+05:30" level=info msg="[K6-METRIC] response_time=662.829706" source=console
time="2025-11-17T11:39:58+05:30" level=info msg="[K6-COOKIE] user=load_user_6129 | cookie=AUTH_SESSION_ID | value_snippet=18ca2202-3608-4799-8de4-922cfe10" source=console
time="2025-11-17T11:39:58+05:30" level=info msg="[K6-COOKIE] user=load_user_6129 | cookie=KC_RESTART | value_snippet=eyJhbGciOiJkaXIiLCJlbmMiOiJBMTI4" source=console
time="2025-11-17T11:39:58+05:30" level=info msg="[2025-11-17T06:09:57.330Z] ✅ Login successful | User: load_user_6129 | Response Time: 662.829706 ms" source=console
time="2025-11-17T11:39:58+05:30" level=info msg="[2025-11-17T06:09:58.030Z] 🔹 VU 4 attempting login for: load_user_6129" source=console
time="2025-11-17T11:39:58+05:30" level=info msg="[K6-METRIC] status_code=200" source=console
time="2025-11-17T11:39:58+05:30" level=info msg="[K6-METRIC] response_time=1757.804747" source=console
time="2025-11-17T11:39:58+05:30" level=info msg="[K6-COOKIE] user=load_user_6048 | cookie=AUTH_SESSION_ID | value_snippet=49f4708e-834e-4822-997d-55c1a20d" source=console
time="2025-11-17T11:39:58+05:30" level=info msg="[K6-COOKIE] user=load_user_6048 | cookie=KC_RESTART | value_snippet=eyJhbGciOiJkaXIiLCJlbmMiOiJBMTI4" source=console
time="2025-11-17T11:39:58+05:30" level=info msg="[2025-11-17T06:09:56.324Z] ✅ Login successful | User: load_user_6048 | Response Time: 1757.804747 ms" source=console
time="2025-11-17T11:39:58+05:30" level=info msg="[2025-11-17T06:09:58.130Z] 🔹 VU 8 attempting login for: load_user_6048" source=console
time="2025-11-17T11:39:58+05:30" level=info msg="[K6-METRIC] status_code=200" source=console
time="2025-11-17T11:39:58+05:30" level=info msg="[K6-METRIC] response_time=958.443157" source=console
time="2025-11-17T11:39:58+05:30" level=info msg="[K6-COOKIE] user=load_user_1116 | cookie=AUTH_SESSION_ID | value_snippet=3883435b-2aea-490d-9b48-1df83a40" source=console
time="2025-11-17T11:39:58+05:30" level=info msg="[K6-COOKIE] user=load_user_1116 | cookie=KC_RESTART | value_snippet=eyJhbGciOiJkaXIiLCJlbmMiOiJBMTI4" source=console
time="2025-11-17T11:39:58+05:30" level=info msg="[2025-11-17T06:09:57.329Z] ✅ Login successful | User: load_user_1116 | Response Time: 958.443157 ms" source=console
time="2025-11-17T11:39:58+05:30" level=info msg="[2025-11-17T06:09:58.324Z] 🔹 VU 9 attempting login for: load_user_1116" source=console

running (11.0s), 10/10 VUs, 72 complete and 0 interrupted iterations
default   [  44% ] 10 VUs  11.0s/25s
time="2025-11-17T11:39:58+05:30" level=info msg="[K6-METRIC] status_code=200" source=console
time="2025-11-17T11:39:58+05:30" level=info msg="[K6-METRIC] response_time=3159.04554" source=console
time="2025-11-17T11:39:58+05:30" level=info msg="[K6-COOKIE] user=load_user_9819 | cookie=AUTH_SESSION_ID | value_snippet=73df9990-77b9-4e75-81a8-771917fe" source=console
time="2025-11-17T11:39:58+05:30" level=info msg="[K6-COOKIE] user=load_user_9819 | cookie=KC_RESTART | value_snippet=eyJhbGciOiJkaXIiLCJlbmMiOiJBMTI4" source=console
time="2025-11-17T11:39:58+05:30" level=info msg="[2025-11-17T06:09:55.329Z] ✅ Login successful | User: load_user_9819 | Response Time: 3159.04554 ms" source=console
time="2025-11-17T11:39:58+05:30" level=info msg="[2025-11-17T06:09:58.527Z] 🔹 VU 10 attempting login for: load_user_9819" source=console
time="2025-11-17T11:39:58+05:30" level=info msg="[K6-METRIC] status_code=200" source=console
time="2025-11-17T11:39:58+05:30" level=info msg="[K6-METRIC] response_time=1357.757992" source=console
time="2025-11-17T11:39:58+05:30" level=info msg="[K6-COOKIE] user=load_user_9380 | cookie=KC_RESTART | value_snippet=eyJhbGciOiJkaXIiLCJlbmMiOiJBMTI4" source=console
time="2025-11-17T11:39:58+05:30" level=info msg="[K6-COOKIE] user=load_user_9380 | cookie=AUTH_SESSION_ID | value_snippet=ef8d2a79-f35b-4ac0-be2f-0dd46813" source=console
time="2025-11-17T11:39:58+05:30" level=info msg="[2025-11-17T06:09:57.133Z] ✅ Login successful | User: load_user_9380 | Response Time: 1357.757992 ms" source=console
time="2025-11-17T11:39:58+05:30" level=info msg="[2025-11-17T06:09:58.530Z] 🔹 VU 5 attempting login for: load_user_9380" source=console
time="2025-11-17T11:39:58+05:30" level=info msg="[K6-METRIC] status_code=200" source=console
time="2025-11-17T11:39:58+05:30" level=info msg="[K6-METRIC] response_time=1258.395957" source=console
time="2025-11-17T11:39:58+05:30" level=info msg="[K6-COOKIE] user=load_user_7262 | cookie=KC_RESTART | value_snippet=eyJhbGciOiJkaXIiLCJlbmMiOiJBMTI4" source=console
time="2025-11-17T11:39:58+05:30" level=info msg="[K6-COOKIE] user=load_user_7262 | cookie=AUTH_SESSION_ID | value_snippet=5e85b570-5097-461e-8900-3831984a" source=console
time="2025-11-17T11:39:58+05:30" level=info msg="[K6-METRIC] status_code=200" source=console
time="2025-11-17T11:39:58+05:30" level=info msg="[K6-METRIC] response_time=2266.426158" source=console
time="2025-11-17T11:39:58+05:30" level=info msg="[K6-COOKIE] user=load_user_7114 | cookie=AUTH_SESSION_ID | value_snippet=d04cf0d4-3d61-4884-90c6-178860da" source=console
time="2025-11-17T11:39:58+05:30" level=info msg="[K6-COOKIE] user=load_user_7114 | cookie=KC_RESTART | value_snippet=eyJhbGciOiJkaXIiLCJlbmMiOiJBMTI4" source=console
time="2025-11-17T11:39:58+05:30" level=info msg="[2025-11-17T06:09:56.424Z] ✅ Login successful | User: load_user_7114 | Response Time: 2266.426158 ms" source=console
time="2025-11-17T11:39:58+05:30" level=info msg="[2025-11-17T06:09:58.728Z] 🔹 VU 2 attempting login for: load_user_7114" source=console
time="2025-11-17T11:39:58+05:30" level=info msg="[2025-11-17T06:09:57.432Z] ✅ Login successful | User: load_user_7262 | Response Time: 1258.395957 ms" source=console
time="2025-11-17T11:39:58+05:30" level=info msg="[2025-11-17T06:09:58.728Z] 🔹 VU 3 attempting login for: load_user_7262" source=console
time="2025-11-17T11:39:59+05:30" level=info msg="[K6-METRIC] status_code=200" source=console
time="2025-11-17T11:39:59+05:30" level=info msg="[K6-METRIC] response_time=2867.437213" source=console
time="2025-11-17T11:39:59+05:30" level=info msg="[K6-COOKIE] user=load_user_9366 | cookie=AUTH_SESSION_ID | value_snippet=7b5ce793-dcfe-4c05-bff7-7697e2d2" source=console
time="2025-11-17T11:39:59+05:30" level=info msg="[K6-COOKIE] user=load_user_9366 | cookie=KC_RESTART | value_snippet=eyJhbGciOiJkaXIiLCJlbmMiOiJBMTI4" source=console
time="2025-11-17T11:39:59+05:30" level=info msg="[2025-11-17T06:09:56.228Z] ✅ Login successful | User: load_user_9366 | Response Time: 2867.437213 ms" source=console
time="2025-11-17T11:39:59+05:30" level=info msg="[2025-11-17T06:09:59.138Z] 🔹 VU 7 attempting login for: load_user_9366" source=console
time="2025-11-17T11:39:59+05:30" level=info msg="[K6-METRIC] status_code=200" source=console
time="2025-11-17T11:39:59+05:30" level=info msg="[K6-METRIC] response_time=1361.657083" source=console
time="2025-11-17T11:39:59+05:30" level=info msg="[K6-COOKIE] user=load_user_6493 | cookie=AUTH_SESSION_ID | value_snippet=ed294d6a-bc00-4136-8b46-c6c1a4cf" source=console
time="2025-11-17T11:39:59+05:30" level=info msg="[K6-COOKIE] user=load_user_6493 | cookie=KC_RESTART | value_snippet=eyJhbGciOiJkaXIiLCJlbmMiOiJBMTI4" source=console
time="2025-11-17T11:39:59+05:30" level=info msg="[2025-11-17T06:09:57.925Z] ✅ Login successful | User: load_user_6493 | Response Time: 1361.657083 ms" source=console
time="2025-11-17T11:39:59+05:30" level=info msg="[2025-11-17T06:09:59.328Z] 🔹 VU 6 attempting login for: load_user_6493" source=console

running (12.0s), 10/10 VUs, 78 complete and 0 interrupted iterations
default   [  48% ] 10 VUs  12.0s/25s
time="2025-11-17T11:39:59+05:30" level=info msg="[K6-METRIC] status_code=200" source=console
time="2025-11-17T11:39:59+05:30" level=info msg="[K6-METRIC] response_time=1366.727264" source=console
time="2025-11-17T11:39:59+05:30" level=info msg="[K6-COOKIE] user=load_user_1116 | cookie=AUTH_SESSION_ID | value_snippet=c811c306-a244-4056-ab27-d6d2087b" source=console
time="2025-11-17T11:39:59+05:30" level=info msg="[K6-COOKIE] user=load_user_1116 | cookie=KC_RESTART | value_snippet=eyJhbGciOiJkaXIiLCJlbmMiOiJBMTI4" source=console
time="2025-11-17T11:39:59+05:30" level=info msg="[2025-11-17T06:09:58.324Z] ✅ Login successful | User: load_user_1116 | Response Time: 1366.727264 ms" source=console
time="2025-11-17T11:39:59+05:30" level=info msg="[2025-11-17T06:09:59.732Z] 🔹 VU 9 attempting login for: load_user_1116" source=console
time="2025-11-17T11:39:59+05:30" level=info msg="[K6-METRIC] status_code=200" source=console
time="2025-11-17T11:39:59+05:30" level=info msg="[K6-METRIC] response_time=1857.003887" source=console
time="2025-11-17T11:39:59+05:30" level=info msg="[K6-COOKIE] user=load_user_6129 | cookie=AUTH_SESSION_ID | value_snippet=f8042b13-0fae-4a02-91b1-2bb5dfaa" source=console
time="2025-11-17T11:39:59+05:30" level=info msg="[K6-COOKIE] user=load_user_6129 | cookie=KC_RESTART | value_snippet=eyJhbGciOiJkaXIiLCJlbmMiOiJBMTI4" source=console
time="2025-11-17T11:39:59+05:30" level=info msg="[2025-11-17T06:09:58.030Z] ✅ Login successful | User: load_user_6129 | Response Time: 1857.003887 ms" source=console
time="2025-11-17T11:39:59+05:30" level=info msg="[2025-11-17T06:09:59.930Z] 🔹 VU 4 attempting login for: load_user_6129" source=console
time="2025-11-17T11:39:59+05:30" level=info msg="[K6-METRIC] status_code=200" source=console
time="2025-11-17T11:39:59+05:30" level=info msg="[K6-METRIC] response_time=1324.722258" source=console
time="2025-11-17T11:39:59+05:30" level=info msg="[K6-COOKIE] user=load_user_9819 | cookie=AUTH_SESSION_ID | value_snippet=65ba6202-03f2-4b62-9b54-a3eb3e26" source=console
time="2025-11-17T11:39:59+05:30" level=info msg="[K6-COOKIE] user=load_user_9819 | cookie=KC_RESTART | value_snippet=eyJhbGciOiJkaXIiLCJlbmMiOiJBMTI4" source=console
time="2025-11-17T11:39:59+05:30" level=info msg="[2025-11-17T06:09:58.527Z] ✅ Login successful | User: load_user_9819 | Response Time: 1324.722258 ms" source=console
time="2025-11-17T11:39:59+05:30" level=info msg="[2025-11-17T06:09:59.931Z] 🔹 VU 10 attempting login for: load_user_9819" source=console
time="2025-11-17T11:40:00+05:30" level=info msg="[K6-METRIC] status_code=200" source=console
time="2025-11-17T11:40:00+05:30" level=info msg="[K6-METRIC] response_time=1614.195615" source=console
time="2025-11-17T11:40:00+05:30" level=info msg="[K6-COOKIE] user=load_user_9380 | cookie=AUTH_SESSION_ID | value_snippet=4027cf1f-9ad7-4712-ad55-8b23b6f1" source=console
time="2025-11-17T11:40:00+05:30" level=info msg="[K6-COOKIE] user=load_user_9380 | cookie=KC_RESTART | value_snippet=eyJhbGciOiJkaXIiLCJlbmMiOiJBMTI4" source=console
time="2025-11-17T11:40:00+05:30" level=info msg="[2025-11-17T06:09:58.530Z] ✅ Login successful | User: load_user_9380 | Response Time: 1614.195615 ms" source=console
time="2025-11-17T11:40:00+05:30" level=info msg="[2025-11-17T06:10:00.226Z] 🔹 VU 5 attempting login for: load_user_9380" source=console
time="2025-11-17T11:40:00+05:30" level=info msg="[K6-METRIC] status_code=200" source=console
time="2025-11-17T11:40:00+05:30" level=info msg="[K6-METRIC] response_time=2262.816209" source=console
time="2025-11-17T11:40:00+05:30" level=info msg="[K6-COOKIE] user=load_user_6048 | cookie=AUTH_SESSION_ID | value_snippet=bfa1616b-6b2b-45aa-a178-e3e8e2c4" source=console
time="2025-11-17T11:40:00+05:30" level=info msg="[K6-COOKIE] user=load_user_6048 | cookie=KC_RESTART | value_snippet=eyJhbGciOiJkaXIiLCJlbmMiOiJBMTI4" source=console
time="2025-11-17T11:40:00+05:30" level=info msg="[2025-11-17T06:09:58.130Z] ✅ Login successful | User: load_user_6048 | Response Time: 2262.816209 ms" source=console
time="2025-11-17T11:40:00+05:30" level=info msg="[2025-11-17T06:10:00.431Z] 🔹 VU 8 attempting login for: load_user_6048" source=console

running (13.0s), 10/10 VUs, 83 complete and 0 interrupted iterations
default   [  52% ] 10 VUs  13.0s/25s
time="2025-11-17T11:40:00+05:30" level=info msg="[K6-METRIC] status_code=200" source=console
time="2025-11-17T11:40:00+05:30" level=info msg="[K6-METRIC] response_time=2761.607033" source=console
time="2025-11-17T11:40:00+05:30" level=info msg="[K6-COOKIE] user=username | cookie=AUTH_SESSION_ID | value_snippet=e37ced4b-7101-4557-a73d-75d43c2c" source=console
time="2025-11-17T11:40:00+05:30" level=info msg="[K6-COOKIE] user=username | cookie=KC_RESTART | value_snippet=eyJhbGciOiJkaXIiLCJlbmMiOiJBMTI4" source=console
time="2025-11-17T11:40:00+05:30" level=info msg="[2025-11-17T06:09:57.929Z] ✅ Login successful | User: username | Response Time: 2761.607033 ms" source=console
time="2025-11-17T11:40:00+05:30" level=info msg="[2025-11-17T06:10:00.729Z] 🔹 VU 1 attempting login for: username" source=console
time="2025-11-17T11:40:00+05:30" level=info msg="[K6-METRIC] status_code=200" source=console
time="2025-11-17T11:40:00+05:30" level=info msg="[K6-METRIC] response_time=2153.970302" source=console
time="2025-11-17T11:40:00+05:30" level=info msg="[K6-COOKIE] user=load_user_7262 | cookie=AUTH_SESSION_ID | value_snippet=e5b01e33-5e9b-4bd9-94c8-8720406b" source=console
time="2025-11-17T11:40:00+05:30" level=info msg="[K6-COOKIE] user=load_user_7262 | cookie=KC_RESTART | value_snippet=eyJhbGciOiJkaXIiLCJlbmMiOiJBMTI4" source=console
time="2025-11-17T11:40:00+05:30" level=info msg="[2025-11-17T06:09:58.728Z] ✅ Login successful | User: load_user_7262 | Response Time: 2153.970302 ms" source=console
time="2025-11-17T11:40:00+05:30" level=info msg="[2025-11-17T06:10:00.926Z] 🔹 VU 3 attempting login for: load_user_7262" source=console
time="2025-11-17T11:40:01+05:30" level=info msg="[K6-METRIC] status_code=200" source=console
time="2025-11-17T11:40:01+05:30" level=info msg="[K6-METRIC] response_time=2356.568764" source=console
time="2025-11-17T11:40:01+05:30" level=info msg="[K6-COOKIE] user=load_user_7114 | cookie=AUTH_SESSION_ID | value_snippet=c6dc0095-f1cc-40ae-baf9-c71c3bc9" source=console
time="2025-11-17T11:40:01+05:30" level=info msg="[K6-COOKIE] user=load_user_7114 | cookie=KC_RESTART | value_snippet=eyJhbGciOiJkaXIiLCJlbmMiOiJBMTI4" source=console
time="2025-11-17T11:40:01+05:30" level=info msg="[2025-11-17T06:09:58.728Z] ✅ Login successful | User: load_user_7114 | Response Time: 2356.568764 ms" source=console
time="2025-11-17T11:40:01+05:30" level=info msg="[2025-11-17T06:10:01.125Z] 🔹 VU 2 attempting login for: load_user_7114" source=console
time="2025-11-17T11:40:01+05:30" level=info msg="[K6-METRIC] status_code=200" source=console
time="2025-11-17T11:40:01+05:30" level=info msg="[K6-METRIC] response_time=1855.086835" source=console
time="2025-11-17T11:40:01+05:30" level=info msg="[K6-COOKIE] user=load_user_6493 | cookie=AUTH_SESSION_ID | value_snippet=87cf9ada-27d0-421d-b74a-6d58fcda" source=console
time="2025-11-17T11:40:01+05:30" level=info msg="[K6-COOKIE] user=load_user_6493 | cookie=KC_RESTART | value_snippet=eyJhbGciOiJkaXIiLCJlbmMiOiJBMTI4" source=console
time="2025-11-17T11:40:01+05:30" level=info msg="[2025-11-17T06:09:59.328Z] ✅ Login successful | User: load_user_6493 | Response Time: 1855.086835 ms" source=console
time="2025-11-17T11:40:01+05:30" level=info msg="[2025-11-17T06:10:01.224Z] 🔹 VU 6 attempting login for: load_user_6493" source=console
time="2025-11-17T11:40:01+05:30" level=info msg="[K6-METRIC] status_code=200" source=console
time="2025-11-17T11:40:01+05:30" level=info msg="[K6-METRIC] response_time=1556.907997" source=console
time="2025-11-17T11:40:01+05:30" level=info msg="[K6-COOKIE] user=load_user_1116 | cookie=AUTH_SESSION_ID | value_snippet=f53bed30-ebb8-4f70-b4fa-5474004d" source=console
time="2025-11-17T11:40:01+05:30" level=info msg="[K6-COOKIE] user=load_user_1116 | cookie=KC_RESTART | value_snippet=eyJhbGciOiJkaXIiLCJlbmMiOiJBMTI4" source=console
time="2025-11-17T11:40:01+05:30" level=info msg="[2025-11-17T06:09:59.732Z] ✅ Login successful | User: load_user_1116 | Response Time: 1556.907997 ms" source=console
time="2025-11-17T11:40:01+05:30" level=info msg="[2025-11-17T06:10:01.326Z] 🔹 VU 9 attempting login for: load_user_1116" source=console
time="2025-11-17T11:40:01+05:30" level=info msg="[K6-METRIC] status_code=200" source=console
time="2025-11-17T11:40:01+05:30" level=info msg="[K6-METRIC] response_time=856.801883" source=console
time="2025-11-17T11:40:01+05:30" level=info msg="[K6-COOKIE] user=load_user_6048 | cookie=AUTH_SESSION_ID | value_snippet=4d109a20-f493-4fa8-b2ab-3e9d3a0e" source=console
time="2025-11-17T11:40:01+05:30" level=info msg="[K6-COOKIE] user=load_user_6048 | cookie=KC_RESTART | value_snippet=eyJhbGciOiJkaXIiLCJlbmMiOiJBMTI4" source=console
time="2025-11-17T11:40:01+05:30" level=info msg="[2025-11-17T06:10:00.431Z] ✅ Login successful | User: load_user_6048 | Response Time: 856.801883 ms" source=console
time="2025-11-17T11:40:01+05:30" level=info msg="[2025-11-17T06:10:01.329Z] 🔹 VU 8 attempting login for: load_user_6048" source=console
time="2025-11-17T11:40:01+05:30" level=info msg="[K6-METRIC] status_code=200" source=console
time="2025-11-17T11:40:01+05:30" level=info msg="[K6-METRIC] response_time=1466.907241" source=console
time="2025-11-17T11:40:01+05:30" level=info msg="[K6-COOKIE] user=load_user_6129 | cookie=AUTH_SESSION_ID | value_snippet=2daf40e5-822a-4c49-a74a-cb9ef73f" source=console
time="2025-11-17T11:40:01+05:30" level=info msg="[K6-COOKIE] user=load_user_6129 | cookie=KC_RESTART | value_snippet=eyJhbGciOiJkaXIiLCJlbmMiOiJBMTI4" source=console
time="2025-11-17T11:40:01+05:30" level=info msg="[2025-11-17T06:09:59.930Z] ✅ Login successful | User: load_user_6129 | Response Time: 1466.907241 ms" source=console
time="2025-11-17T11:40:01+05:30" level=info msg="[2025-11-17T06:10:01.432Z] 🔹 VU 4 attempting login for: load_user_6129" source=console

running (14.0s), 10/10 VUs, 90 complete and 0 interrupted iterations
default   [  56% ] 10 VUs  14.0s/25s
time="2025-11-17T11:40:01+05:30" level=info msg="[K6-METRIC] status_code=200" source=console
time="2025-11-17T11:40:01+05:30" level=info msg="[K6-METRIC] response_time=2748.9657" source=console
time="2025-11-17T11:40:01+05:30" level=info msg="[K6-COOKIE] user=load_user_9366 | cookie=AUTH_SESSION_ID | value_snippet=35e4ef3c-71a5-4f93-b41d-764cefec" source=console
time="2025-11-17T11:40:01+05:30" level=info msg="[K6-COOKIE] user=load_user_9366 | cookie=KC_RESTART | value_snippet=eyJhbGciOiJkaXIiLCJlbmMiOiJBMTI4" source=console
time="2025-11-17T11:40:01+05:30" level=info msg="[2025-11-17T06:09:59.138Z] ✅ Login successful | User: load_user_9366 | Response Time: 2748.9657 ms" source=console
time="2025-11-17T11:40:01+05:30" level=info msg="[2025-11-17T06:10:01.930Z] 🔹 VU 7 attempting login for: load_user_9366" source=console

running (15.0s), 10/10 VUs, 91 complete and 0 interrupted iterations
default   [  60% ] 10 VUs  15.0s/25s
time="2025-11-17T11:40:02+05:30" level=info msg="[K6-METRIC] status_code=200" source=console
time="2025-11-17T11:40:02+05:30" level=info msg="[K6-METRIC] response_time=2660.51791" source=console
time="2025-11-17T11:40:02+05:30" level=info msg="[K6-COOKIE] user=load_user_9819 | cookie=AUTH_SESSION_ID | value_snippet=6587f089-b250-4d58-a55c-aed4136d" source=console
time="2025-11-17T11:40:02+05:30" level=info msg="[K6-COOKIE] user=load_user_9819 | cookie=KC_RESTART | value_snippet=eyJhbGciOiJkaXIiLCJlbmMiOiJBMTI4" source=console
time="2025-11-17T11:40:02+05:30" level=info msg="[2025-11-17T06:09:59.931Z] ✅ Login successful | User: load_user_9819 | Response Time: 2660.51791 ms" source=console
time="2025-11-17T11:40:02+05:30" level=info msg="[2025-11-17T06:10:02.627Z] 🔹 VU 10 attempting login for: load_user_9819" source=console
time="2025-11-17T11:40:02+05:30" level=info msg="[K6-METRIC] status_code=200" source=console
time="2025-11-17T11:40:02+05:30" level=info msg="[K6-METRIC] response_time=1759.52203" source=console
time="2025-11-17T11:40:02+05:30" level=info msg="[K6-COOKIE] user=load_user_7262 | cookie=AUTH_SESSION_ID | value_snippet=bfcc6f8a-6fb5-417a-966e-4b39b759" source=console
time="2025-11-17T11:40:02+05:30" level=info msg="[K6-METRIC] status_code=200" source=console
time="2025-11-17T11:40:02+05:30" level=info msg="[K6-METRIC] response_time=1255.695673" source=console
time="2025-11-17T11:40:02+05:30" level=info msg="[K6-COOKIE] user=load_user_7262 | cookie=KC_RESTART | value_snippet=eyJhbGciOiJkaXIiLCJlbmMiOiJBMTI4" source=console
time="2025-11-17T11:40:02+05:30" level=info msg="[2025-11-17T06:10:00.926Z] ✅ Login successful | User: load_user_7262 | Response Time: 1759.52203 ms" source=console
time="2025-11-17T11:40:02+05:30" level=info msg="[K6-COOKIE] user=load_user_6129 | cookie=AUTH_SESSION_ID | value_snippet=df42d528-bafb-428d-a0af-0740eb84" source=console
time="2025-11-17T11:40:02+05:30" level=info msg="[K6-COOKIE] user=load_user_6129 | cookie=KC_RESTART | value_snippet=eyJhbGciOiJkaXIiLCJlbmMiOiJBMTI4" source=console
time="2025-11-17T11:40:02+05:30" level=info msg="[2025-11-17T06:10:01.432Z] ✅ Login successful | User: load_user_6129 | Response Time: 1255.695673 ms" source=console
time="2025-11-17T11:40:02+05:30" level=info msg="[2025-11-17T06:10:02.725Z] 🔹 VU 4 attempting login for: load_user_6129" source=console
time="2025-11-17T11:40:02+05:30" level=info msg="[2025-11-17T06:10:02.725Z] 🔹 VU 3 attempting login for: load_user_7262" source=console
time="2025-11-17T11:40:02+05:30" level=info msg="[K6-METRIC] status_code=200" source=console
time="2025-11-17T11:40:02+05:30" level=info msg="[K6-METRIC] response_time=1962.609749" source=console
time="2025-11-17T11:40:02+05:30" level=info msg="[K6-COOKIE] user=username | cookie=AUTH_SESSION_ID | value_snippet=f2ee531f-dbfc-4579-b78e-15106c33" source=console
time="2025-11-17T11:40:02+05:30" level=info msg="[K6-COOKIE] user=username | cookie=KC_RESTART | value_snippet=eyJhbGciOiJkaXIiLCJlbmMiOiJBMTI4" source=console
time="2025-11-17T11:40:02+05:30" level=info msg="[2025-11-17T06:10:00.729Z] ✅ Login successful | User: username | Response Time: 1962.609749 ms" source=console
time="2025-11-17T11:40:02+05:30" level=info msg="[2025-11-17T06:10:02.731Z] 🔹 VU 1 attempting login for: username" source=console
time="2025-11-17T11:40:02+05:30" level=info msg="[K6-METRIC] status_code=200" source=console
time="2025-11-17T11:40:02+05:30" level=info msg="[K6-METRIC] response_time=1460.01625" source=console
time="2025-11-17T11:40:02+05:30" level=info msg="[K6-COOKIE] user=load_user_6493 | cookie=AUTH_SESSION_ID | value_snippet=49547b2b-fbe2-40a1-870d-738aade0" source=console
time="2025-11-17T11:40:02+05:30" level=info msg="[K6-COOKIE] user=load_user_6493 | cookie=KC_RESTART | value_snippet=eyJhbGciOiJkaXIiLCJlbmMiOiJBMTI4" source=console
time="2025-11-17T11:40:02+05:30" level=info msg="[2025-11-17T06:10:01.224Z] ✅ Login successful | User: load_user_6493 | Response Time: 1460.01625 ms" source=console
time="2025-11-17T11:40:02+05:30" level=info msg="[2025-11-17T06:10:02.731Z] 🔹 VU 6 attempting login for: load_user_6493" source=console
time="2025-11-17T11:40:02+05:30" level=info msg="[K6-METRIC] status_code=200" source=console
time="2025-11-17T11:40:02+05:30" level=info msg="[K6-METRIC] response_time=1479.640317" source=console
time="2025-11-17T11:40:02+05:30" level=info msg="[K6-COOKIE] user=load_user_1116 | cookie=AUTH_SESSION_ID | value_snippet=b04a340a-b090-4d84-8299-046eb95f" source=console
time="2025-11-17T11:40:02+05:30" level=info msg="[K6-COOKIE] user=load_user_1116 | cookie=KC_RESTART | value_snippet=eyJhbGciOiJkaXIiLCJlbmMiOiJBMTI4" source=console
time="2025-11-17T11:40:02+05:30" level=info msg="[2025-11-17T06:10:01.326Z] ✅ Login successful | User: load_user_1116 | Response Time: 1479.640317 ms" source=console
time="2025-11-17T11:40:02+05:30" level=info msg="[2025-11-17T06:10:02.844Z] 🔹 VU 9 attempting login for: load_user_1116" source=console
time="2025-11-17T11:40:02+05:30" level=info msg="[K6-METRIC] status_code=200" source=console
time="2025-11-17T11:40:02+05:30" level=info msg="[K6-METRIC] response_time=1483.498974" source=console
time="2025-11-17T11:40:02+05:30" level=info msg="[K6-COOKIE] user=load_user_6048 | cookie=AUTH_SESSION_ID | value_snippet=da7a4f83-bb68-4c68-a8b8-8ce24024" source=console
time="2025-11-17T11:40:02+05:30" level=info msg="[K6-COOKIE] user=load_user_6048 | cookie=KC_RESTART | value_snippet=eyJhbGciOiJkaXIiLCJlbmMiOiJBMTI4" source=console
time="2025-11-17T11:40:02+05:30" level=info msg="[2025-11-17T06:10:01.329Z] ✅ Login successful | User: load_user_6048 | Response Time: 1483.498974 ms" source=console
time="2025-11-17T11:40:02+05:30" level=info msg="[2025-11-17T06:10:02.847Z] 🔹 VU 8 attempting login for: load_user_6048" source=console
time="2025-11-17T11:40:02+05:30" level=info msg="[K6-METRIC] status_code=200" source=console
time="2025-11-17T11:40:02+05:30" level=info msg="[K6-METRIC] response_time=2676.539198" source=console
time="2025-11-17T11:40:02+05:30" level=info msg="[K6-COOKIE] user=load_user_9380 | cookie=AUTH_SESSION_ID | value_snippet=8825fd70-300f-44df-92ee-abc3573c" source=console
time="2025-11-17T11:40:02+05:30" level=info msg="[K6-COOKIE] user=load_user_9380 | cookie=KC_RESTART | value_snippet=eyJhbGciOiJkaXIiLCJlbmMiOiJBMTI4" source=console
time="2025-11-17T11:40:02+05:30" level=info msg="[2025-11-17T06:10:00.226Z] ✅ Login successful | User: load_user_9380 | Response Time: 2676.539198 ms" source=console
time="2025-11-17T11:40:02+05:30" level=info msg="[2025-11-17T06:10:02.945Z] 🔹 VU 5 attempting login for: load_user_9380" source=console
time="2025-11-17T11:40:03+05:30" level=info msg="[K6-METRIC] status_code=200" source=console
time="2025-11-17T11:40:03+05:30" level=info msg="[K6-METRIC] response_time=1963.517219" source=console
time="2025-11-17T11:40:03+05:30" level=info msg="[K6-COOKIE] user=load_user_7114 | cookie=AUTH_SESSION_ID | value_snippet=adf4bcb2-0030-4590-afc5-2decdef3" source=console
time="2025-11-17T11:40:03+05:30" level=info msg="[K6-COOKIE] user=load_user_7114 | cookie=KC_RESTART | value_snippet=eyJhbGciOiJkaXIiLCJlbmMiOiJBMTI4" source=console
time="2025-11-17T11:40:03+05:30" level=info msg="[2025-11-17T06:10:01.125Z] ✅ Login successful | User: load_user_7114 | Response Time: 1963.517219 ms" source=console
time="2025-11-17T11:40:03+05:30" level=info msg="[2025-11-17T06:10:03.132Z] 🔹 VU 2 attempting login for: load_user_7114" source=console

running (16.0s), 10/10 VUs, 100 complete and 0 interrupted iterations
default   [  64% ] 10 VUs  16.0s/25s
time="2025-11-17T11:40:03+05:30" level=info msg="[K6-METRIC] status_code=200" source=console
time="2025-11-17T11:40:03+05:30" level=info msg="[K6-METRIC] response_time=674.961532" source=console
time="2025-11-17T11:40:03+05:30" level=info msg="[K6-COOKIE] user=username | cookie=AUTH_SESSION_ID | value_snippet=4c057a98-7945-4777-90b8-bd8174d1" source=console
time="2025-11-17T11:40:03+05:30" level=info msg="[K6-COOKIE] user=username | cookie=KC_RESTART | value_snippet=eyJhbGciOiJkaXIiLCJlbmMiOiJBMTI4" source=console
time="2025-11-17T11:40:03+05:30" level=info msg="[2025-11-17T06:10:02.731Z] ✅ Login successful | User: username | Response Time: 674.961532 ms" source=console
time="2025-11-17T11:40:03+05:30" level=info msg="[2025-11-17T06:10:03.522Z] 🔹 VU 1 attempting login for: username" source=console
time="2025-11-17T11:40:03+05:30" level=info msg="[K6-METRIC] status_code=200" source=console
time="2025-11-17T11:40:03+05:30" level=info msg="[K6-METRIC] response_time=687.797458" source=console
time="2025-11-17T11:40:03+05:30" level=info msg="[K6-COOKIE] user=load_user_6129 | cookie=AUTH_SESSION_ID | value_snippet=0f833cda-73f8-4138-a16e-a21666f9" source=console
time="2025-11-17T11:40:03+05:30" level=info msg="[K6-COOKIE] user=load_user_6129 | cookie=KC_RESTART | value_snippet=eyJhbGciOiJkaXIiLCJlbmMiOiJBMTI4" source=console
time="2025-11-17T11:40:03+05:30" level=info msg="[2025-11-17T06:10:02.725Z] ✅ Login successful | User: load_user_6129 | Response Time: 687.797458 ms" source=console
time="2025-11-17T11:40:03+05:30" level=info msg="[2025-11-17T06:10:03.529Z] 🔹 VU 4 attempting login for: load_user_6129" source=console
time="2025-11-17T11:40:03+05:30" level=info msg="[K6-METRIC] status_code=200" source=console
time="2025-11-17T11:40:03+05:30" level=info msg="[K6-METRIC] response_time=1955.196202" source=console
time="2025-11-17T11:40:03+05:30" level=info msg="[K6-COOKIE] user=load_user_9366 | cookie=AUTH_SESSION_ID | value_snippet=12b956ce-c0eb-471f-9020-a60c0017" source=console
time="2025-11-17T11:40:03+05:30" level=info msg="[K6-COOKIE] user=load_user_9366 | cookie=KC_RESTART | value_snippet=eyJhbGciOiJkaXIiLCJlbmMiOiJBMTI4" source=console
time="2025-11-17T11:40:03+05:30" level=info msg="[2025-11-17T06:10:01.930Z] ✅ Login successful | User: load_user_9366 | Response Time: 1955.196202 ms" source=console
time="2025-11-17T11:40:03+05:30" level=info msg="[2025-11-17T06:10:03.923Z] 🔹 VU 7 attempting login for: load_user_9366" source=console
time="2025-11-17T11:40:04+05:30" level=info msg="[K6-METRIC] status_code=200" source=console
time="2025-11-17T11:40:04+05:30" level=info msg="[K6-METRIC] response_time=1053.798472" source=console
time="2025-11-17T11:40:04+05:30" level=info msg="[K6-COOKIE] user=load_user_7114 | cookie=AUTH_SESSION_ID | value_snippet=dec8c9a0-8c3b-47d2-bf5d-c680a5ea" source=console
time="2025-11-17T11:40:04+05:30" level=info msg="[K6-COOKIE] user=load_user_7114 | cookie=KC_RESTART | value_snippet=eyJhbGciOiJkaXIiLCJlbmMiOiJBMTI4" source=console
time="2025-11-17T11:40:04+05:30" level=info msg="[2025-11-17T06:10:03.132Z] ✅ Login successful | User: load_user_7114 | Response Time: 1053.798472 ms" source=console
time="2025-11-17T11:40:04+05:30" level=info msg="[2025-11-17T06:10:04.227Z] 🔹 VU 2 attempting login for: load_user_7114" source=console
time="2025-11-17T11:40:04+05:30" level=info msg="[K6-METRIC] status_code=200" source=console
time="2025-11-17T11:40:04+05:30" level=info msg="[K6-METRIC] response_time=1456.868432" source=console
time="2025-11-17T11:40:04+05:30" level=info msg="[K6-COOKIE] user=load_user_6493 | cookie=AUTH_SESSION_ID | value_snippet=d9708d07-1f10-428c-acfd-2fb0838d" source=console
time="2025-11-17T11:40:04+05:30" level=info msg="[K6-COOKIE] user=load_user_6493 | cookie=KC_RESTART | value_snippet=eyJhbGciOiJkaXIiLCJlbmMiOiJBMTI4" source=console
time="2025-11-17T11:40:04+05:30" level=info msg="[2025-11-17T06:10:02.731Z] ✅ Login successful | User: load_user_6493 | Response Time: 1456.868432 ms" source=console
time="2025-11-17T11:40:04+05:30" level=info msg="[2025-11-17T06:10:04.232Z] 🔹 VU 6 attempting login for: load_user_6493" source=console
time="2025-11-17T11:40:04+05:30" level=info msg="[K6-METRIC] status_code=200" source=console
time="2025-11-17T11:40:04+05:30" level=info msg="[K6-METRIC] response_time=869.618118" source=console
time="2025-11-17T11:40:04+05:30" level=info msg="[K6-COOKIE] user=username | cookie=AUTH_SESSION_ID | value_snippet=d6f29996-c0d9-403b-827b-6fff0900" source=console
time="2025-11-17T11:40:04+05:30" level=info msg="[K6-COOKIE] user=username | cookie=KC_RESTART | value_snippet=eyJhbGciOiJkaXIiLCJlbmMiOiJBMTI4" source=console
time="2025-11-17T11:40:04+05:30" level=info msg="[2025-11-17T06:10:03.522Z] ✅ Login successful | User: username | Response Time: 869.618118 ms" source=console
time="2025-11-17T11:40:04+05:30" level=info msg="[2025-11-17T06:10:04.430Z] 🔹 VU 1 attempting login for: username" source=console
time="2025-11-17T11:40:04+05:30" level=info msg="[K6-METRIC] status_code=200" source=console
time="2025-11-17T11:40:04+05:30" level=info msg="[K6-METRIC] response_time=1762.527038" source=console
time="2025-11-17T11:40:04+05:30" level=info msg="[K6-COOKIE] user=load_user_9819 | cookie=AUTH_SESSION_ID | value_snippet=4504794d-8da6-4a5f-ac80-aead928f" source=console
time="2025-11-17T11:40:04+05:30" level=info msg="[K6-COOKIE] user=load_user_9819 | cookie=KC_RESTART | value_snippet=eyJhbGciOiJkaXIiLCJlbmMiOiJBMTI4" source=console
time="2025-11-17T11:40:04+05:30" level=info msg="[2025-11-17T06:10:02.627Z] ✅ Login successful | User: load_user_9819 | Response Time: 1762.527038 ms" source=console
time="2025-11-17T11:40:04+05:30" level=info msg="[2025-11-17T06:10:04.430Z] 🔹 VU 10 attempting login for: load_user_9819" source=console
time="2025-11-17T11:40:04+05:30" level=info msg="[K6-METRIC] status_code=200" source=console
time="2025-11-17T11:40:04+05:30" level=info msg="[K6-METRIC] response_time=1482.381306" source=console
time="2025-11-17T11:40:04+05:30" level=info msg="[K6-COOKIE] user=load_user_6048 | cookie=AUTH_SESSION_ID | value_snippet=34bd1f51-0a42-4820-85f8-55913b6c" source=console
time="2025-11-17T11:40:04+05:30" level=info msg="[K6-COOKIE] user=load_user_6048 | cookie=KC_RESTART | value_snippet=eyJhbGciOiJkaXIiLCJlbmMiOiJBMTI4" source=console
time="2025-11-17T11:40:04+05:30" level=info msg="[2025-11-17T06:10:02.847Z] ✅ Login successful | User: load_user_6048 | Response Time: 1482.381306 ms" source=console
time="2025-11-17T11:40:04+05:30" level=info msg="[2025-11-17T06:10:04.432Z] 🔹 VU 8 attempting login for: load_user_6048" source=console

running (17.0s), 10/10 VUs, 108 complete and 0 interrupted iterations
default   [  68% ] 10 VUs  17.0s/25s
time="2025-11-17T11:40:04+05:30" level=info msg="[K6-METRIC] status_code=200" source=console
time="2025-11-17T11:40:04+05:30" level=info msg="[K6-METRIC] response_time=659.414462" source=console
time="2025-11-17T11:40:04+05:30" level=info msg="[K6-COOKIE] user=load_user_9366 | cookie=AUTH_SESSION_ID | value_snippet=c5b26516-5e9c-4cfd-bbc0-77e78523" source=console
time="2025-11-17T11:40:04+05:30" level=info msg="[K6-COOKIE] user=load_user_9366 | cookie=KC_RESTART | value_snippet=eyJhbGciOiJkaXIiLCJlbmMiOiJBMTI4" source=console
time="2025-11-17T11:40:04+05:30" level=info msg="[2025-11-17T06:10:03.923Z] ✅ Login successful | User: load_user_9366 | Response Time: 659.414462 ms" source=console
time="2025-11-17T11:40:04+05:30" level=info msg="[2025-11-17T06:10:04.625Z] 🔹 VU 7 attempting login for: load_user_9366" source=console
time="2025-11-17T11:40:04+05:30" level=info msg="[K6-METRIC] status_code=200" source=console
time="2025-11-17T11:40:04+05:30" level=info msg="[K6-METRIC] response_time=1785.841398" source=console
time="2025-11-17T11:40:04+05:30" level=info msg="[K6-COOKIE] user=load_user_1116 | cookie=AUTH_SESSION_ID | value_snippet=c1aa3dd9-bcdc-423e-8f56-0e13669a" source=console
time="2025-11-17T11:40:04+05:30" level=info msg="[K6-COOKIE] user=load_user_1116 | cookie=KC_RESTART | value_snippet=eyJhbGciOiJkaXIiLCJlbmMiOiJBMTI4" source=console
time="2025-11-17T11:40:04+05:30" level=info msg="[2025-11-17T06:10:02.844Z] ✅ Login successful | User: load_user_1116 | Response Time: 1785.841398 ms" source=console
time="2025-11-17T11:40:04+05:30" level=info msg="[2025-11-17T06:10:04.731Z] 🔹 VU 9 attempting login for: load_user_1116" source=console
time="2025-11-17T11:40:05+05:30" level=info msg="[K6-METRIC] status_code=200" source=console
time="2025-11-17T11:40:05+05:30" level=info msg="[K6-METRIC] response_time=2277.795225" source=console
time="2025-11-17T11:40:05+05:30" level=info msg="[K6-COOKIE] user=load_user_7262 | cookie=AUTH_SESSION_ID | value_snippet=d625b943-104c-47af-9f79-6cef4883" source=console
time="2025-11-17T11:40:05+05:30" level=info msg="[K6-COOKIE] user=load_user_7262 | cookie=KC_RESTART | value_snippet=eyJhbGciOiJkaXIiLCJlbmMiOiJBMTI4" source=console
time="2025-11-17T11:40:05+05:30" level=info msg="[2025-11-17T06:10:02.725Z] ✅ Login successful | User: load_user_7262 | Response Time: 2277.795225 ms" source=console
time="2025-11-17T11:40:05+05:30" level=info msg="[2025-11-17T06:10:05.124Z] 🔹 VU 3 attempting login for: load_user_7262" source=console

running (18.0s), 10/10 VUs, 111 complete and 0 interrupted iterations
default   [  72% ] 10 VUs  18.0s/25s
time="2025-11-17T11:40:05+05:30" level=info msg="[K6-METRIC] status_code=200" source=console
time="2025-11-17T11:40:05+05:30" level=info msg="[K6-METRIC] response_time=1365.464726" source=console
time="2025-11-17T11:40:05+05:30" level=info msg="[K6-COOKIE] user=load_user_6493 | cookie=AUTH_SESSION_ID | value_snippet=005cc027-c3a9-4ca3-9f87-244da4cd" source=console
time="2025-11-17T11:40:05+05:30" level=info msg="[K6-COOKIE] user=load_user_6493 | cookie=KC_RESTART | value_snippet=eyJhbGciOiJkaXIiLCJlbmMiOiJBMTI4" source=console
time="2025-11-17T11:40:05+05:30" level=info msg="[2025-11-17T06:10:04.232Z] ✅ Login successful | User: load_user_6493 | Response Time: 1365.464726 ms" source=console
time="2025-11-17T11:40:05+05:30" level=info msg="[2025-11-17T06:10:05.635Z] 🔹 VU 6 attempting login for: load_user_6493" source=console
time="2025-11-17T11:40:05+05:30" level=info msg="[K6-METRIC] status_code=200" source=console
time="2025-11-17T11:40:05+05:30" level=info msg="[K6-METRIC] response_time=2649.864848" source=console
time="2025-11-17T11:40:05+05:30" level=info msg="[K6-COOKIE] user=load_user_9380 | cookie=KC_RESTART | value_snippet=eyJhbGciOiJkaXIiLCJlbmMiOiJBMTI4" source=console
time="2025-11-17T11:40:05+05:30" level=info msg="[K6-COOKIE] user=load_user_9380 | cookie=AUTH_SESSION_ID | value_snippet=3c176567-5e78-4ecd-9257-60da5593" source=console
time="2025-11-17T11:40:05+05:30" level=info msg="[2025-11-17T06:10:02.945Z] ✅ Login successful | User: load_user_9380 | Response Time: 2649.864848 ms" source=console
time="2025-11-17T11:40:05+05:30" level=info msg="[2025-11-17T06:10:05.637Z] 🔹 VU 5 attempting login for: load_user_9380" source=console
time="2025-11-17T11:40:05+05:30" level=info msg="[K6-METRIC] status_code=200" source=console
time="2025-11-17T11:40:05+05:30" level=info msg="[K6-METRIC] response_time=2164.59781" source=console
time="2025-11-17T11:40:05+05:30" level=info msg="[K6-COOKIE] user=load_user_6129 | cookie=AUTH_SESSION_ID | value_snippet=86bfb965-fba0-45cd-ab45-28e2ae25" source=console
time="2025-11-17T11:40:05+05:30" level=info msg="[K6-COOKIE] user=load_user_6129 | cookie=KC_RESTART | value_snippet=eyJhbGciOiJkaXIiLCJlbmMiOiJBMTI4" source=console
time="2025-11-17T11:40:05+05:30" level=info msg="[2025-11-17T06:10:03.529Z] ✅ Login successful | User: load_user_6129 | Response Time: 2164.59781 ms" source=console
time="2025-11-17T11:40:05+05:30" level=info msg="[2025-11-17T06:10:05.731Z] 🔹 VU 4 attempting login for: load_user_6129" source=console
time="2025-11-17T11:40:06+05:30" level=info msg="[K6-METRIC] status_code=200" source=console
time="2025-11-17T11:40:06+05:30" level=info msg="[K6-METRIC] response_time=1554.904118" source=console
time="2025-11-17T11:40:06+05:30" level=info msg="[K6-COOKIE] user=load_user_9819 | cookie=AUTH_SESSION_ID | value_snippet=dbd4485c-b159-4036-942c-107d7ffd" source=console
time="2025-11-17T11:40:06+05:30" level=info msg="[K6-COOKIE] user=load_user_9819 | cookie=KC_RESTART | value_snippet=eyJhbGciOiJkaXIiLCJlbmMiOiJBMTI4" source=console
time="2025-11-17T11:40:06+05:30" level=info msg="[2025-11-17T06:10:04.430Z] ✅ Login successful | User: load_user_9819 | Response Time: 1554.904118 ms" source=console
time="2025-11-17T11:40:06+05:30" level=info msg="[2025-11-17T06:10:06.035Z] 🔹 VU 10 attempting login for: load_user_9819" source=console
time="2025-11-17T11:40:06+05:30" level=info msg="[K6-METRIC] status_code=200" source=console
time="2025-11-17T11:40:06+05:30" level=info msg="[K6-METRIC] response_time=1756.075282" source=console
time="2025-11-17T11:40:06+05:30" level=info msg="[K6-COOKIE] user=username | cookie=AUTH_SESSION_ID | value_snippet=5d67e4e2-2c05-4042-b3a6-99a1b0d4" source=console
time="2025-11-17T11:40:06+05:30" level=info msg="[K6-COOKIE] user=username | cookie=KC_RESTART | value_snippet=eyJhbGciOiJkaXIiLCJlbmMiOiJBMTI4" source=console
time="2025-11-17T11:40:06+05:30" level=info msg="[2025-11-17T06:10:04.430Z] ✅ Login successful | User: username | Response Time: 1756.075282 ms" source=console
time="2025-11-17T11:40:06+05:30" level=info msg="[2025-11-17T06:10:06.229Z] 🔹 VU 1 attempting login for: username" source=console
time="2025-11-17T11:40:06+05:30" level=info msg="[K6-METRIC] status_code=200" source=console
time="2025-11-17T11:40:06+05:30" level=info msg="[K6-METRIC] response_time=1853.342804" source=console
time="2025-11-17T11:40:06+05:30" level=info msg="[K6-COOKIE] user=load_user_6048 | cookie=AUTH_SESSION_ID | value_snippet=772dc34e-069a-4124-89d6-5c98c94e" source=console
time="2025-11-17T11:40:06+05:30" level=info msg="[K6-COOKIE] user=load_user_6048 | cookie=KC_RESTART | value_snippet=eyJhbGciOiJkaXIiLCJlbmMiOiJBMTI4" source=console
time="2025-11-17T11:40:06+05:30" level=info msg="[2025-11-17T06:10:04.432Z] ✅ Login successful | User: load_user_6048 | Response Time: 1853.342804 ms" source=console
time="2025-11-17T11:40:06+05:30" level=info msg="[2025-11-17T06:10:06.331Z] 🔹 VU 8 attempting login for: load_user_6048" source=console

running (19.0s), 10/10 VUs, 117 complete and 0 interrupted iterations
default   [  76% ] 10 VUs  19.0s/25s
time="2025-11-17T11:40:06+05:30" level=info msg="[K6-METRIC] status_code=200" source=console
time="2025-11-17T11:40:06+05:30" level=info msg="[K6-METRIC] response_time=2261.187204" source=console
time="2025-11-17T11:40:06+05:30" level=info msg="[K6-COOKIE] user=load_user_7114 | cookie=KC_RESTART | value_snippet=eyJhbGciOiJkaXIiLCJlbmMiOiJBMTI4" source=console
time="2025-11-17T11:40:06+05:30" level=info msg="[K6-COOKIE] user=load_user_7114 | cookie=AUTH_SESSION_ID | value_snippet=f8c70225-92f6-435c-83be-bceb4a7f" source=console
time="2025-11-17T11:40:06+05:30" level=info msg="[2025-11-17T06:10:04.227Z] ✅ Login successful | User: load_user_7114 | Response Time: 2261.187204 ms" source=console
time="2025-11-17T11:40:06+05:30" level=info msg="[2025-11-17T06:10:06.529Z] 🔹 VU 2 attempting login for: load_user_7114" source=console
time="2025-11-17T11:40:06+05:30" level=info msg="[K6-METRIC] status_code=200" source=console
time="2025-11-17T11:40:06+05:30" level=info msg="[K6-METRIC] response_time=751.352315" source=console
time="2025-11-17T11:40:06+05:30" level=info msg="[K6-COOKIE] user=load_user_9819 | cookie=AUTH_SESSION_ID | value_snippet=dccc26ef-ed48-48bf-bbb0-d34e8981" source=console
time="2025-11-17T11:40:06+05:30" level=info msg="[K6-COOKIE] user=load_user_9819 | cookie=KC_RESTART | value_snippet=eyJhbGciOiJkaXIiLCJlbmMiOiJBMTI4" source=console
time="2025-11-17T11:40:06+05:30" level=info msg="[2025-11-17T06:10:06.035Z] ✅ Login successful | User: load_user_9819 | Response Time: 751.352315 ms" source=console
time="2025-11-17T11:40:06+05:30" level=info msg="[2025-11-17T06:10:06.826Z] 🔹 VU 10 attempting login for: load_user_9819" source=console
time="2025-11-17T11:40:06+05:30" level=info msg="[K6-METRIC] status_code=200" source=console
time="2025-11-17T11:40:06+05:30" level=info msg="[K6-METRIC] response_time=2063.272039" source=console
time="2025-11-17T11:40:06+05:30" level=info msg="[K6-COOKIE] user=load_user_1116 | cookie=AUTH_SESSION_ID | value_snippet=83d19613-29a4-4a44-9caf-4981e867" source=console
time="2025-11-17T11:40:06+05:30" level=info msg="[K6-COOKIE] user=load_user_1116 | cookie=KC_RESTART | value_snippet=eyJhbGciOiJkaXIiLCJlbmMiOiJBMTI4" source=console
time="2025-11-17T11:40:06+05:30" level=info msg="[2025-11-17T06:10:04.731Z] ✅ Login successful | User: load_user_1116 | Response Time: 2063.272039 ms" source=console
time="2025-11-17T11:40:06+05:30" level=info msg="[2025-11-17T06:10:06.835Z] 🔹 VU 9 attempting login for: load_user_1116" source=console
time="2025-11-17T11:40:07+05:30" level=info msg="[K6-METRIC] status_code=200" source=console
time="2025-11-17T11:40:07+05:30" level=info msg="[K6-METRIC] response_time=765.815033" source=console
time="2025-11-17T11:40:07+05:30" level=info msg="[K6-COOKIE] user=username | cookie=AUTH_SESSION_ID | value_snippet=6f90c662-1817-4f18-8c35-1152a2ad" source=console
time="2025-11-17T11:40:07+05:30" level=info msg="[K6-COOKIE] user=username | cookie=KC_RESTART | value_snippet=eyJhbGciOiJkaXIiLCJlbmMiOiJBMTI4" source=console
time="2025-11-17T11:40:07+05:30" level=info msg="[2025-11-17T06:10:06.229Z] ✅ Login successful | User: username | Response Time: 765.815033 ms" source=console
time="2025-11-17T11:40:07+05:30" level=info msg="[2025-11-17T06:10:07.034Z] 🔹 VU 1 attempting login for: username" source=console
time="2025-11-17T11:40:07+05:30" level=info msg="[K6-METRIC] status_code=200" source=console
time="2025-11-17T11:40:07+05:30" level=info msg="[K6-METRIC] response_time=1267.34801" source=console
time="2025-11-17T11:40:07+05:30" level=info msg="[K6-COOKIE] user=load_user_6129 | cookie=KC_RESTART | value_snippet=eyJhbGciOiJkaXIiLCJlbmMiOiJBMTI4" source=console
time="2025-11-17T11:40:07+05:30" level=info msg="[K6-COOKIE] user=load_user_6129 | cookie=AUTH_SESSION_ID | value_snippet=9952635d-b26b-4cff-8e3d-582b9873" source=console
time="2025-11-17T11:40:07+05:30" level=info msg="[2025-11-17T06:10:05.731Z] ✅ Login successful | User: load_user_6129 | Response Time: 1267.34801 ms" source=console
time="2025-11-17T11:40:07+05:30" level=info msg="[2025-11-17T06:10:07.035Z] 🔹 VU 4 attempting login for: load_user_6129" source=console
time="2025-11-17T11:40:07+05:30" level=info msg="[K6-METRIC] status_code=200" source=console
time="2025-11-17T11:40:07+05:30" level=info msg="[K6-METRIC] response_time=660.302927" source=console
time="2025-11-17T11:40:07+05:30" level=info msg="[K6-COOKIE] user=load_user_6048 | cookie=AUTH_SESSION_ID | value_snippet=ea172d66-853b-40d0-a53a-d6887fbe" source=console
time="2025-11-17T11:40:07+05:30" level=info msg="[K6-COOKIE] user=load_user_6048 | cookie=KC_RESTART | value_snippet=eyJhbGciOiJkaXIiLCJlbmMiOiJBMTI4" source=console
time="2025-11-17T11:40:07+05:30" level=info msg="[2025-11-17T06:10:06.331Z] ✅ Login successful | User: load_user_6048 | Response Time: 660.302927 ms" source=console
time="2025-11-17T11:40:07+05:30" level=info msg="[2025-11-17T06:10:07.125Z] 🔹 VU 8 attempting login for: load_user_6048" source=console

running (20.0s), 10/10 VUs, 123 complete and 0 interrupted iterations
default   [  80% ] 10 VUs  20.0s/25s
time="2025-11-17T11:40:07+05:30" level=info msg="[K6-METRIC] status_code=200" source=console
time="2025-11-17T11:40:07+05:30" level=info msg="[K6-METRIC] response_time=1838.936207" source=console
time="2025-11-17T11:40:07+05:30" level=info msg="[K6-COOKIE] user=load_user_9380 | cookie=AUTH_SESSION_ID | value_snippet=567bd7df-572e-48d5-af2a-84836d51" source=console
time="2025-11-17T11:40:07+05:30" level=info msg="[K6-COOKIE] user=load_user_9380 | cookie=KC_RESTART | value_snippet=eyJhbGciOiJkaXIiLCJlbmMiOiJBMTI4" source=console
time="2025-11-17T11:40:07+05:30" level=info msg="[2025-11-17T06:10:05.637Z] ✅ Login successful | User: load_user_9380 | Response Time: 1838.936207 ms" source=console
time="2025-11-17T11:40:07+05:30" level=info msg="[2025-11-17T06:10:07.529Z] 🔹 VU 5 attempting login for: load_user_9380" source=console
time="2025-11-17T11:40:07+05:30" level=info msg="[K6-METRIC] status_code=200" source=console
time="2025-11-17T11:40:07+05:30" level=info msg="[K6-METRIC] response_time=2040.67735" source=console
time="2025-11-17T11:40:07+05:30" level=info msg="[K6-COOKIE] user=load_user_6493 | cookie=AUTH_SESSION_ID | value_snippet=466f6e56-8633-44ec-819d-a5533ea1" source=console
time="2025-11-17T11:40:07+05:30" level=info msg="[K6-COOKIE] user=load_user_6493 | cookie=KC_RESTART | value_snippet=eyJhbGciOiJkaXIiLCJlbmMiOiJBMTI4" source=console
time="2025-11-17T11:40:07+05:30" level=info msg="[2025-11-17T06:10:05.635Z] ✅ Login successful | User: load_user_6493 | Response Time: 2040.67735 ms" source=console
time="2025-11-17T11:40:07+05:30" level=info msg="[2025-11-17T06:10:07.729Z] 🔹 VU 6 attempting login for: load_user_6493" source=console
time="2025-11-17T11:40:07+05:30" level=info msg="[K6-METRIC] status_code=200" source=console
time="2025-11-17T11:40:07+05:30" level=info msg="[K6-METRIC] response_time=734.717254" source=console
time="2025-11-17T11:40:07+05:30" level=info msg="[K6-COOKIE] user=load_user_6129 | cookie=AUTH_SESSION_ID | value_snippet=efc370ce-77c8-48df-a464-951f7c5e" source=console
time="2025-11-17T11:40:07+05:30" level=info msg="[K6-COOKIE] user=load_user_6129 | cookie=KC_RESTART | value_snippet=eyJhbGciOiJkaXIiLCJlbmMiOiJBMTI4" source=console
time="2025-11-17T11:40:07+05:30" level=info msg="[2025-11-17T06:10:07.035Z] ✅ Login successful | User: load_user_6129 | Response Time: 734.717254 ms" source=console
time="2025-11-17T11:40:07+05:30" level=info msg="[2025-11-17T06:10:07.823Z] 🔹 VU 4 attempting login for: load_user_6129" source=console
time="2025-11-17T11:40:07+05:30" level=info msg="[K6-METRIC] status_code=200" source=console
time="2025-11-17T11:40:07+05:30" level=info msg="[K6-METRIC] response_time=3166.953935" source=console
time="2025-11-17T11:40:07+05:30" level=info msg="[K6-COOKIE] user=load_user_9366 | cookie=AUTH_SESSION_ID | value_snippet=08d16dd9-d2cb-441e-9156-08b018f6" source=console
time="2025-11-17T11:40:07+05:30" level=info msg="[K6-COOKIE] user=load_user_9366 | cookie=KC_RESTART | value_snippet=eyJhbGciOiJkaXIiLCJlbmMiOiJBMTI4" source=console
time="2025-11-17T11:40:07+05:30" level=info msg="[2025-11-17T06:10:04.625Z] ✅ Login successful | User: load_user_9366 | Response Time: 3166.953935 ms" source=console
time="2025-11-17T11:40:07+05:30" level=info msg="[2025-11-17T06:10:07.829Z] 🔹 VU 7 attempting login for: load_user_9366" source=console
time="2025-11-17T11:40:08+05:30" level=info msg="[K6-METRIC] status_code=200" source=console
time="2025-11-17T11:40:08+05:30" level=info msg="[K6-METRIC] response_time=868.798472" source=console
time="2025-11-17T11:40:08+05:30" level=info msg="[K6-COOKIE] user=load_user_6048 | cookie=AUTH_SESSION_ID | value_snippet=5d195a2b-07f2-429e-ac05-7ae7cb2d" source=console
time="2025-11-17T11:40:08+05:30" level=info msg="[K6-COOKIE] user=load_user_6048 | cookie=KC_RESTART | value_snippet=eyJhbGciOiJkaXIiLCJlbmMiOiJBMTI4" source=console
time="2025-11-17T11:40:08+05:30" level=info msg="[2025-11-17T06:10:07.125Z] ✅ Login successful | User: load_user_6048 | Response Time: 868.798472 ms" source=console
time="2025-11-17T11:40:08+05:30" level=info msg="[2025-11-17T06:10:08.029Z] 🔹 VU 8 attempting login for: load_user_6048" source=console
time="2025-11-17T11:40:08+05:30" level=info msg="[K6-METRIC] status_code=200" source=console
time="2025-11-17T11:40:08+05:30" level=info msg="[K6-METRIC] response_time=1038.391392" source=console
time="2025-11-17T11:40:08+05:30" level=info msg="[K6-COOKIE] user=username | cookie=KC_RESTART | value_snippet=eyJhbGciOiJkaXIiLCJlbmMiOiJBMTI4" source=console
time="2025-11-17T11:40:08+05:30" level=info msg="[K6-COOKIE] user=username | cookie=AUTH_SESSION_ID | value_snippet=cae19b5b-61f1-4685-a796-83b32f7f" source=console
time="2025-11-17T11:40:08+05:30" level=info msg="[2025-11-17T06:10:07.034Z] ✅ Login successful | User: username | Response Time: 1038.391392 ms" source=console
time="2025-11-17T11:40:08+05:30" level=info msg="[2025-11-17T06:10:08.126Z] 🔹 VU 1 attempting login for: username" source=console
time="2025-11-17T11:40:08+05:30" level=info msg="[K6-METRIC] status_code=200" source=console
time="2025-11-17T11:40:08+05:30" level=info msg="[K6-METRIC] response_time=1352.863573" source=console
time="2025-11-17T11:40:08+05:30" level=info msg="[K6-COOKIE] user=load_user_1116 | cookie=AUTH_SESSION_ID | value_snippet=ce10e0fc-2b58-43ff-a86a-fff89295" source=console
time="2025-11-17T11:40:08+05:30" level=info msg="[K6-COOKIE] user=load_user_1116 | cookie=KC_RESTART | value_snippet=eyJhbGciOiJkaXIiLCJlbmMiOiJBMTI4" source=console
time="2025-11-17T11:40:08+05:30" level=info msg="[2025-11-17T06:10:06.835Z] ✅ Login successful | User: load_user_1116 | Response Time: 1352.863573 ms" source=console
time="2025-11-17T11:40:08+05:30" level=info msg="[2025-11-17T06:10:08.230Z] 🔹 VU 9 attempting login for: load_user_1116" source=console

running (21.0s), 10/10 VUs, 130 complete and 0 interrupted iterations
default   [  84% ] 10 VUs  21.0s/25s
time="2025-11-17T11:40:08+05:30" level=info msg="[K6-METRIC] status_code=200" source=console
time="2025-11-17T11:40:08+05:30" level=info msg="[K6-METRIC] response_time=362.371597" source=console
time="2025-11-17T11:40:08+05:30" level=info msg="[K6-COOKIE] user=username | cookie=AUTH_SESSION_ID | value_snippet=0ba673df-e400-4087-87e2-33d27869" source=console
time="2025-11-17T11:40:08+05:30" level=info msg="[K6-COOKIE] user=username | cookie=KC_RESTART | value_snippet=eyJhbGciOiJkaXIiLCJlbmMiOiJBMTI4" source=console
time="2025-11-17T11:40:08+05:30" level=info msg="[2025-11-17T06:10:08.126Z] ✅ Login successful | User: username | Response Time: 362.371597 ms" source=console
time="2025-11-17T11:40:08+05:30" level=info msg="[2025-11-17T06:10:08.525Z] 🔹 VU 1 attempting login for: username" source=console
time="2025-11-17T11:40:08+05:30" level=info msg="[K6-METRIC] status_code=200" source=console
time="2025-11-17T11:40:08+05:30" level=info msg="[K6-METRIC] response_time=958.438358" source=console
time="2025-11-17T11:40:08+05:30" level=info msg="[K6-COOKIE] user=load_user_9380 | cookie=AUTH_SESSION_ID | value_snippet=723564dc-134d-4924-a698-f625d987" source=console
time="2025-11-17T11:40:08+05:30" level=info msg="[K6-COOKIE] user=load_user_9380 | cookie=KC_RESTART | value_snippet=eyJhbGciOiJkaXIiLCJlbmMiOiJBMTI4" source=console
time="2025-11-17T11:40:08+05:30" level=info msg="[2025-11-17T06:10:07.529Z] ✅ Login successful | User: load_user_9380 | Response Time: 958.438358 ms" source=console
time="2025-11-17T11:40:08+05:30" level=info msg="[2025-11-17T06:10:08.526Z] 🔹 VU 5 attempting login for: load_user_9380" source=console
time="2025-11-17T11:40:08+05:30" level=info msg="[K6-METRIC] status_code=200" source=console
time="2025-11-17T11:40:08+05:30" level=info msg="[K6-METRIC] response_time=1658.100497" source=console
time="2025-11-17T11:40:08+05:30" level=info msg="[K6-COOKIE] user=load_user_9819 | cookie=AUTH_SESSION_ID | value_snippet=02b2f432-8efc-40b7-ace4-adb2c39a" source=console
time="2025-11-17T11:40:08+05:30" level=info msg="[K6-COOKIE] user=load_user_9819 | cookie=KC_RESTART | value_snippet=eyJhbGciOiJkaXIiLCJlbmMiOiJBMTI4" source=console
time="2025-11-17T11:40:08+05:30" level=info msg="[2025-11-17T06:10:06.826Z] ✅ Login successful | User: load_user_9819 | Response Time: 1658.100497 ms" source=console
time="2025-11-17T11:40:08+05:30" level=info msg="[2025-11-17T06:10:08.532Z] 🔹 VU 10 attempting login for: load_user_9819" source=console
time="2025-11-17T11:40:08+05:30" level=info msg="[K6-METRIC] status_code=200" source=console
time="2025-11-17T11:40:08+05:30" level=info msg="[K6-METRIC] response_time=3458.493329" source=console
time="2025-11-17T11:40:08+05:30" level=info msg="[K6-COOKIE] user=load_user_7262 | cookie=AUTH_SESSION_ID | value_snippet=0df0bcd0-f55f-4178-80fb-96c74611" source=console
time="2025-11-17T11:40:08+05:30" level=info msg="[K6-COOKIE] user=load_user_7262 | cookie=KC_RESTART | value_snippet=eyJhbGciOiJkaXIiLCJlbmMiOiJBMTI4" source=console
time="2025-11-17T11:40:08+05:30" level=info msg="[2025-11-17T06:10:05.124Z] ✅ Login successful | User: load_user_7262 | Response Time: 3458.493329 ms" source=console
time="2025-11-17T11:40:08+05:30" level=info msg="[2025-11-17T06:10:08.623Z] 🔹 VU 3 attempting login for: load_user_7262" source=console
time="2025-11-17T11:40:08+05:30" level=info msg="[K6-METRIC] status_code=200" source=console
time="2025-11-17T11:40:08+05:30" level=info msg="[K6-METRIC] response_time=353.569299" source=console
time="2025-11-17T11:40:08+05:30" level=info msg="[K6-COOKIE] user=load_user_1116 | cookie=AUTH_SESSION_ID | value_snippet=2863c921-0bdf-41d5-a5e3-04af577f" source=console
time="2025-11-17T11:40:08+05:30" level=info msg="[K6-COOKIE] user=load_user_1116 | cookie=KC_RESTART | value_snippet=eyJhbGciOiJkaXIiLCJlbmMiOiJBMTI4" source=console
time="2025-11-17T11:40:08+05:30" level=info msg="[2025-11-17T06:10:08.230Z] ✅ Login successful | User: load_user_1116 | Response Time: 353.569299 ms" source=console
time="2025-11-17T11:40:08+05:30" level=info msg="[2025-11-17T06:10:08.623Z] 🔹 VU 9 attempting login for: load_user_1116" source=console
time="2025-11-17T11:40:08+05:30" level=info msg="[K6-METRIC] status_code=200" source=console
time="2025-11-17T11:40:08+05:30" level=info msg="[K6-METRIC] response_time=2072.078032" source=console
time="2025-11-17T11:40:08+05:30" level=info msg="[K6-COOKIE] user=load_user_7114 | cookie=AUTH_SESSION_ID | value_snippet=6564c0a1-f6ac-4fd0-9dc8-1c0e2303" source=console
time="2025-11-17T11:40:08+05:30" level=info msg="[K6-COOKIE] user=load_user_7114 | cookie=KC_RESTART | value_snippet=eyJhbGciOiJkaXIiLCJlbmMiOiJBMTI4" source=console
time="2025-11-17T11:40:08+05:30" level=info msg="[2025-11-17T06:10:06.529Z] ✅ Login successful | User: load_user_7114 | Response Time: 2072.078032 ms" source=console
time="2025-11-17T11:40:08+05:30" level=info msg="[2025-11-17T06:10:08.645Z] 🔹 VU 2 attempting login for: load_user_7114" source=console
time="2025-11-17T11:40:08+05:30" level=info msg="[K6-METRIC] status_code=200" source=console
time="2025-11-17T11:40:08+05:30" level=info msg="[K6-METRIC] response_time=1019.196383" source=console
time="2025-11-17T11:40:08+05:30" level=info msg="[K6-COOKIE] user=load_user_9366 | cookie=KC_RESTART | value_snippet=eyJhbGciOiJkaXIiLCJlbmMiOiJBMTI4" source=console
time="2025-11-17T11:40:08+05:30" level=info msg="[K6-COOKIE] user=load_user_9366 | cookie=AUTH_SESSION_ID | value_snippet=f155e27f-11ba-4c16-b692-2575b482" source=console
time="2025-11-17T11:40:08+05:30" level=info msg="[2025-11-17T06:10:07.829Z] ✅ Login successful | User: load_user_9366 | Response Time: 1019.196383 ms" source=console
time="2025-11-17T11:40:08+05:30" level=info msg="[2025-11-17T06:10:08.886Z] 🔹 VU 7 attempting login for: load_user_9366" source=console
time="2025-11-17T11:40:08+05:30" level=info msg="[K6-METRIC] status_code=200" source=console
time="2025-11-17T11:40:08+05:30" level=info msg="[K6-METRIC] response_time=363.434659" source=console
time="2025-11-17T11:40:08+05:30" level=info msg="[K6-COOKIE] user=load_user_9819 | cookie=AUTH_SESSION_ID | value_snippet=7a7d2cb1-81f6-48fe-aa9f-6fac04c2" source=console
time="2025-11-17T11:40:08+05:30" level=info msg="[K6-COOKIE] user=load_user_9819 | cookie=KC_RESTART | value_snippet=eyJhbGciOiJkaXIiLCJlbmMiOiJBMTI4" source=console
time="2025-11-17T11:40:08+05:30" level=info msg="[2025-11-17T06:10:08.532Z] ✅ Login successful | User: load_user_9819 | Response Time: 363.434659 ms" source=console
time="2025-11-17T11:40:08+05:30" level=info msg="[2025-11-17T06:10:08.929Z] 🔹 VU 10 attempting login for: load_user_9819" source=console
time="2025-11-17T11:40:09+05:30" level=info msg="[K6-METRIC] status_code=200" source=console
time="2025-11-17T11:40:09+05:30" level=info msg="[K6-METRIC] response_time=354.618572" source=console
time="2025-11-17T11:40:09+05:30" level=info msg="[K6-COOKIE] user=load_user_7262 | cookie=AUTH_SESSION_ID | value_snippet=8dbf7bf5-3410-4625-a12e-0fab238e" source=console
time="2025-11-17T11:40:09+05:30" level=info msg="[K6-COOKIE] user=load_user_7262 | cookie=KC_RESTART | value_snippet=eyJhbGciOiJkaXIiLCJlbmMiOiJBMTI4" source=console
time="2025-11-17T11:40:09+05:30" level=info msg="[2025-11-17T06:10:08.623Z] ✅ Login successful | User: load_user_7262 | Response Time: 354.618572 ms" source=console
time="2025-11-17T11:40:09+05:30" level=info msg="[2025-11-17T06:10:09.032Z] 🔹 VU 3 attempting login for: load_user_7262" source=console
time="2025-11-17T11:40:09+05:30" level=info msg="[K6-METRIC] status_code=200" source=console
time="2025-11-17T11:40:09+05:30" level=info msg="[K6-METRIC] response_time=553.864074" source=console
time="2025-11-17T11:40:09+05:30" level=info msg="[K6-COOKIE] user=load_user_9380 | cookie=AUTH_SESSION_ID | value_snippet=ffdd8312-e25f-4cac-90cc-985e7d90" source=console
time="2025-11-17T11:40:09+05:30" level=info msg="[K6-COOKIE] user=load_user_9380 | cookie=KC_RESTART | value_snippet=eyJhbGciOiJkaXIiLCJlbmMiOiJBMTI4" source=console
time="2025-11-17T11:40:09+05:30" level=info msg="[2025-11-17T06:10:08.526Z] ✅ Login successful | User: load_user_9380 | Response Time: 553.864074 ms" source=console
time="2025-11-17T11:40:09+05:30" level=info msg="[2025-11-17T06:10:09.124Z] 🔹 VU 5 attempting login for: load_user_9380" source=console
time="2025-11-17T11:40:09+05:30" level=info msg="[K6-METRIC] status_code=200" source=console
time="2025-11-17T11:40:09+05:30" level=info msg="[K6-METRIC] response_time=655.987695" source=console
time="2025-11-17T11:40:09+05:30" level=info msg="[K6-COOKIE] user=username | cookie=AUTH_SESSION_ID | value_snippet=b53ee732-dd4e-4465-8eb3-2bc68404" source=console
time="2025-11-17T11:40:09+05:30" level=info msg="[K6-COOKIE] user=username | cookie=KC_RESTART | value_snippet=eyJhbGciOiJkaXIiLCJlbmMiOiJBMTI4" source=console
time="2025-11-17T11:40:09+05:30" level=info msg="[2025-11-17T06:10:08.525Z] ✅ Login successful | User: username | Response Time: 655.987695 ms" source=console
time="2025-11-17T11:40:09+05:30" level=info msg="[2025-11-17T06:10:09.228Z] 🔹 VU 1 attempting login for: username" source=console
time="2025-11-17T11:40:09+05:30" level=info msg="[K6-METRIC] status_code=200" source=console
time="2025-11-17T11:40:09+05:30" level=info msg="[K6-METRIC] response_time=553.240946" source=console
time="2025-11-17T11:40:09+05:30" level=info msg="[K6-COOKIE] user=load_user_1116 | cookie=AUTH_SESSION_ID | value_snippet=4470f850-ab7f-439c-8828-b145cc67" source=console
time="2025-11-17T11:40:09+05:30" level=info msg="[K6-COOKIE] user=load_user_1116 | cookie=KC_RESTART | value_snippet=eyJhbGciOiJkaXIiLCJlbmMiOiJBMTI4" source=console
time="2025-11-17T11:40:09+05:30" level=info msg="[2025-11-17T06:10:08.623Z] ✅ Login successful | User: load_user_1116 | Response Time: 553.240946 ms" source=console
time="2025-11-17T11:40:09+05:30" level=info msg="[2025-11-17T06:10:09.228Z] 🔹 VU 9 attempting login for: load_user_1116" source=console
time="2025-11-17T11:40:09+05:30" level=info msg="[K6-METRIC] status_code=200" source=console
time="2025-11-17T11:40:09+05:30" level=info msg="[K6-METRIC] response_time=488.690746" source=console
time="2025-11-17T11:40:09+05:30" level=info msg="[K6-COOKIE] user=load_user_7114 | cookie=KC_RESTART | value_snippet=eyJhbGciOiJkaXIiLCJlbmMiOiJBMTI4" source=console
time="2025-11-17T11:40:09+05:30" level=info msg="[K6-COOKIE] user=load_user_7114 | cookie=AUTH_SESSION_ID | value_snippet=0d270785-69cf-4a47-b592-e62a0b8e" source=console
time="2025-11-17T11:40:09+05:30" level=info msg="[2025-11-17T06:10:08.645Z] ✅ Login successful | User: load_user_7114 | Response Time: 488.690746 ms" source=console
time="2025-11-17T11:40:09+05:30" level=info msg="[2025-11-17T06:10:09.232Z] 🔹 VU 2 attempting login for: load_user_7114" source=console
time="2025-11-17T11:40:09+05:30" level=info msg="[K6-METRIC] status_code=200" source=console
time="2025-11-17T11:40:09+05:30" level=info msg="[K6-METRIC] response_time=270.186907" source=console
time="2025-11-17T11:40:09+05:30" level=info msg="[K6-COOKIE] user=load_user_9380 | cookie=AUTH_SESSION_ID | value_snippet=831b902f-dade-4bad-a656-9214d125" source=console
time="2025-11-17T11:40:09+05:30" level=info msg="[K6-COOKIE] user=load_user_9380 | cookie=KC_RESTART | value_snippet=eyJhbGciOiJkaXIiLCJlbmMiOiJBMTI4" source=console
time="2025-11-17T11:40:09+05:30" level=info msg="[2025-11-17T06:10:09.124Z] ✅ Login successful | User: load_user_9380 | Response Time: 270.186907 ms" source=console
time="2025-11-17T11:40:09+05:30" level=info msg="[2025-11-17T06:10:09.431Z] 🔹 VU 5 attempting login for: load_user_9380" source=console

running (22.0s), 10/10 VUs, 144 complete and 0 interrupted iterations
default   [  88% ] 10 VUs  22.0s/25s
time="2025-11-17T11:40:09+05:30" level=info msg="[K6-METRIC] status_code=200" source=console
time="2025-11-17T11:40:09+05:30" level=info msg="[K6-METRIC] response_time=599.955144" source=console
time="2025-11-17T11:40:09+05:30" level=info msg="[K6-COOKIE] user=load_user_9366 | cookie=AUTH_SESSION_ID | value_snippet=68f97992-b63c-408c-839d-071a9ba4" source=console
time="2025-11-17T11:40:09+05:30" level=info msg="[K6-COOKIE] user=load_user_9366 | cookie=KC_RESTART | value_snippet=eyJhbGciOiJkaXIiLCJlbmMiOiJBMTI4" source=console
time="2025-11-17T11:40:09+05:30" level=info msg="[2025-11-17T06:10:08.886Z] ✅ Login successful | User: load_user_9366 | Response Time: 599.955144 ms" source=console
time="2025-11-17T11:40:09+05:30" level=info msg="[2025-11-17T06:10:09.529Z] 🔹 VU 7 attempting login for: load_user_9366" source=console
time="2025-11-17T11:40:09+05:30" level=info msg="[K6-METRIC] status_code=200" source=console
time="2025-11-17T11:40:09+05:30" level=info msg="[K6-METRIC] response_time=363.410193" source=console
time="2025-11-17T11:40:09+05:30" level=info msg="[K6-COOKIE] user=load_user_7114 | cookie=AUTH_SESSION_ID | value_snippet=e540f7df-2a34-48a0-a4e4-b83b1513" source=console
time="2025-11-17T11:40:09+05:30" level=info msg="[K6-COOKIE] user=load_user_7114 | cookie=KC_RESTART | value_snippet=eyJhbGciOiJkaXIiLCJlbmMiOiJBMTI4" source=console
time="2025-11-17T11:40:09+05:30" level=info msg="[2025-11-17T06:10:09.232Z] ✅ Login successful | User: load_user_7114 | Response Time: 363.410193 ms" source=console
time="2025-11-17T11:40:09+05:30" level=info msg="[2025-11-17T06:10:09.633Z] 🔹 VU 2 attempting login for: load_user_7114" source=console
time="2025-11-17T11:40:09+05:30" level=info msg="[K6-METRIC] status_code=200" source=console
time="2025-11-17T11:40:09+05:30" level=info msg="[K6-METRIC] response_time=664.354868" source=console
time="2025-11-17T11:40:09+05:30" level=info msg="[K6-COOKIE] user=load_user_9819 | cookie=AUTH_SESSION_ID | value_snippet=c1e038ff-f9a4-435f-a089-22d2da81" source=console
time="2025-11-17T11:40:09+05:30" level=info msg="[K6-COOKIE] user=load_user_9819 | cookie=KC_RESTART | value_snippet=eyJhbGciOiJkaXIiLCJlbmMiOiJBMTI4" source=console
time="2025-11-17T11:40:09+05:30" level=info msg="[2025-11-17T06:10:08.929Z] ✅ Login successful | User: load_user_9819 | Response Time: 664.354868 ms" source=console
time="2025-11-17T11:40:09+05:30" level=info msg="[2025-11-17T06:10:09.634Z] 🔹 VU 10 attempting login for: load_user_9819" source=console
time="2025-11-17T11:40:09+05:30" level=info msg="[K6-METRIC] status_code=200" source=console
time="2025-11-17T11:40:09+05:30" level=info msg="[K6-METRIC] response_time=459.382553" source=console
time="2025-11-17T11:40:09+05:30" level=info msg="[K6-COOKIE] user=load_user_1116 | cookie=KC_RESTART | value_snippet=eyJhbGciOiJkaXIiLCJlbmMiOiJBMTI4" source=console
time="2025-11-17T11:40:09+05:30" level=info msg="[K6-COOKIE] user=load_user_1116 | cookie=AUTH_SESSION_ID | value_snippet=0f74a833-4d89-403d-bc2a-7811e362" source=console
time="2025-11-17T11:40:09+05:30" level=info msg="[2025-11-17T06:10:09.228Z] ✅ Login successful | User: load_user_1116 | Response Time: 459.382553 ms" source=console
time="2025-11-17T11:40:09+05:30" level=info msg="[2025-11-17T06:10:09.729Z] 🔹 VU 9 attempting login for: load_user_1116" source=console
time="2025-11-17T11:40:10+05:30" level=info msg="[K6-METRIC] status_code=200" source=console
time="2025-11-17T11:40:10+05:30" level=info msg="[K6-METRIC] response_time=2371.276993" source=console
time="2025-11-17T11:40:10+05:30" level=info msg="[K6-COOKIE] user=load_user_6129 | cookie=AUTH_SESSION_ID | value_snippet=6616dc99-5264-4f7b-a91a-1b330699" source=console
time="2025-11-17T11:40:10+05:30" level=info msg="[K6-COOKIE] user=load_user_6129 | cookie=KC_RESTART | value_snippet=eyJhbGciOiJkaXIiLCJlbmMiOiJBMTI4" source=console
time="2025-11-17T11:40:10+05:30" level=info msg="[2025-11-17T06:10:07.823Z] ✅ Login successful | User: load_user_6129 | Response Time: 2371.276993 ms" source=console
time="2025-11-17T11:40:10+05:30" level=info msg="[2025-11-17T06:10:10.232Z] 🔹 VU 4 attempting login for: load_user_6129" source=console
time="2025-11-17T11:40:10+05:30" level=info msg="[K6-METRIC] status_code=200" source=console
time="2025-11-17T11:40:10+05:30" level=info msg="[K6-METRIC] response_time=662.456147" source=console
time="2025-11-17T11:40:10+05:30" level=info msg="[K6-COOKIE] user=load_user_9366 | cookie=AUTH_SESSION_ID | value_snippet=1a796ef6-9f96-4be9-84cd-a4fc61cd" source=console
time="2025-11-17T11:40:10+05:30" level=info msg="[K6-COOKIE] user=load_user_9366 | cookie=KC_RESTART | value_snippet=eyJhbGciOiJkaXIiLCJlbmMiOiJBMTI4" source=console
time="2025-11-17T11:40:10+05:30" level=info msg="[2025-11-17T06:10:09.529Z] ✅ Login successful | User: load_user_9366 | Response Time: 662.456147 ms" source=console
time="2025-11-17T11:40:10+05:30" level=info msg="[2025-11-17T06:10:10.233Z] 🔹 VU 7 attempting login for: load_user_9366" source=console
time="2025-11-17T11:40:10+05:30" level=info msg="[K6-METRIC] status_code=200" source=console
time="2025-11-17T11:40:10+05:30" level=info msg="[K6-METRIC] response_time=2164.271005" source=console
time="2025-11-17T11:40:10+05:30" level=info msg="[K6-COOKIE] user=load_user_6048 | cookie=AUTH_SESSION_ID | value_snippet=464f7bae-d837-4e61-8910-d4d3d609" source=console
time="2025-11-17T11:40:10+05:30" level=info msg="[K6-COOKIE] user=load_user_6048 | cookie=KC_RESTART | value_snippet=eyJhbGciOiJkaXIiLCJlbmMiOiJBMTI4" source=console
time="2025-11-17T11:40:10+05:30" level=info msg="[2025-11-17T06:10:08.029Z] ✅ Login successful | User: load_user_6048 | Response Time: 2164.271005 ms" source=console
time="2025-11-17T11:40:10+05:30" level=info msg="[2025-11-17T06:10:10.236Z] 🔹 VU 8 attempting login for: load_user_6048" source=console
time="2025-11-17T11:40:10+05:30" level=info msg="[K6-METRIC] status_code=200" source=console
time="2025-11-17T11:40:10+05:30" level=info msg="[K6-METRIC] response_time=959.521015" source=console
time="2025-11-17T11:40:10+05:30" level=info msg="[K6-COOKIE] user=load_user_9380 | cookie=AUTH_SESSION_ID | value_snippet=414ba2a4-10cf-4a30-9e2f-519fa9bd" source=console
time="2025-11-17T11:40:10+05:30" level=info msg="[K6-COOKIE] user=load_user_9380 | cookie=KC_RESTART | value_snippet=eyJhbGciOiJkaXIiLCJlbmMiOiJBMTI4" source=console
time="2025-11-17T11:40:10+05:30" level=info msg="[2025-11-17T06:10:09.431Z] ✅ Login successful | User: load_user_9380 | Response Time: 959.521015 ms" source=console
time="2025-11-17T11:40:10+05:30" level=info msg="[2025-11-17T06:10:10.425Z] 🔹 VU 5 attempting login for: load_user_9380" source=console

running (23.0s), 10/10 VUs, 152 complete and 0 interrupted iterations
default   [  92% ] 10 VUs  23.0s/25s
time="2025-11-17T11:40:10+05:30" level=info msg="[K6-METRIC] status_code=200" source=console
time="2025-11-17T11:40:10+05:30" level=info msg="[K6-METRIC] response_time=2961.316916" source=console
time="2025-11-17T11:40:10+05:30" level=info msg="[K6-COOKIE] user=load_user_6493 | cookie=AUTH_SESSION_ID | value_snippet=b4e600d0-23c2-4314-94b2-94a6dc96" source=console
time="2025-11-17T11:40:10+05:30" level=info msg="[K6-COOKIE] user=load_user_6493 | cookie=KC_RESTART | value_snippet=eyJhbGciOiJkaXIiLCJlbmMiOiJBMTI4" source=console
time="2025-11-17T11:40:10+05:30" level=info msg="[2025-11-17T06:10:07.729Z] ✅ Login successful | User: load_user_6493 | Response Time: 2961.316916 ms" source=console
time="2025-11-17T11:40:10+05:30" level=info msg="[2025-11-17T06:10:10.729Z] 🔹 VU 6 attempting login for: load_user_6493" source=console
time="2025-11-17T11:40:10+05:30" level=info msg="[K6-METRIC] status_code=200" source=console
time="2025-11-17T11:40:10+05:30" level=info msg="[K6-METRIC] response_time=1054.327579" source=console
time="2025-11-17T11:40:10+05:30" level=info msg="[K6-COOKIE] user=load_user_7114 | cookie=AUTH_SESSION_ID | value_snippet=13e5734f-8f1d-433b-bb6c-29961cba" source=console
time="2025-11-17T11:40:10+05:30" level=info msg="[K6-COOKIE] user=load_user_7114 | cookie=KC_RESTART | value_snippet=eyJhbGciOiJkaXIiLCJlbmMiOiJBMTI4" source=console
time="2025-11-17T11:40:10+05:30" level=info msg="[2025-11-17T06:10:09.633Z] ✅ Login successful | User: load_user_7114 | Response Time: 1054.327579 ms" source=console
time="2025-11-17T11:40:10+05:30" level=info msg="[2025-11-17T06:10:10.735Z] 🔹 VU 2 attempting login for: load_user_7114" source=console
time="2025-11-17T11:40:10+05:30" level=info msg="[K6-METRIC] status_code=200" source=console
time="2025-11-17T11:40:10+05:30" level=info msg="[K6-METRIC] response_time=644.016355" source=console
time="2025-11-17T11:40:10+05:30" level=info msg="[K6-COOKIE] user=load_user_6048 | cookie=AUTH_SESSION_ID | value_snippet=9df4a149-592e-4b35-b5d8-8a72a79f" source=console
time="2025-11-17T11:40:10+05:30" level=info msg="[K6-COOKIE] user=load_user_6048 | cookie=KC_RESTART | value_snippet=eyJhbGciOiJkaXIiLCJlbmMiOiJBMTI4" source=console
time="2025-11-17T11:40:10+05:30" level=info msg="[2025-11-17T06:10:10.236Z] ✅ Login successful | User: load_user_6048 | Response Time: 644.016355 ms" source=console
time="2025-11-17T11:40:10+05:30" level=info msg="[2025-11-17T06:10:10.923Z] 🔹 VU 8 attempting login for: load_user_6048" source=console
time="2025-11-17T11:40:11+05:30" level=info msg="[K6-METRIC] status_code=200" source=console
time="2025-11-17T11:40:11+05:30" level=info msg="[K6-METRIC] response_time=1342.379251" source=console
time="2025-11-17T11:40:11+05:30" level=info msg="[K6-COOKIE] user=load_user_9819 | cookie=AUTH_SESSION_ID | value_snippet=48d783e4-66d3-4b4c-ae4e-84623e05" source=console
time="2025-11-17T11:40:11+05:30" level=info msg="[K6-COOKIE] user=load_user_9819 | cookie=KC_RESTART | value_snippet=eyJhbGciOiJkaXIiLCJlbmMiOiJBMTI4" source=console
time="2025-11-17T11:40:11+05:30" level=info msg="[2025-11-17T06:10:09.634Z] ✅ Login successful | User: load_user_9819 | Response Time: 1342.379251 ms" source=console
time="2025-11-17T11:40:11+05:30" level=info msg="[2025-11-17T06:10:11.024Z] 🔹 VU 10 attempting login for: load_user_9819" source=console
time="2025-11-17T11:40:11+05:30" level=info msg="[K6-METRIC] status_code=200" source=console
time="2025-11-17T11:40:11+05:30" level=info msg="[K6-METRIC] response_time=2156.076511" source=console
time="2025-11-17T11:40:11+05:30" level=info msg="[K6-COOKIE] user=load_user_7262 | cookie=AUTH_SESSION_ID | value_snippet=4651f869-f6b4-4318-9c62-7acfc4f2" source=console
time="2025-11-17T11:40:11+05:30" level=info msg="[K6-COOKIE] user=load_user_7262 | cookie=KC_RESTART | value_snippet=eyJhbGciOiJkaXIiLCJlbmMiOiJBMTI4" source=console
time="2025-11-17T11:40:11+05:30" level=info msg="[2025-11-17T06:10:09.032Z] ✅ Login successful | User: load_user_7262 | Response Time: 2156.076511 ms" source=console
time="2025-11-17T11:40:11+05:30" level=info msg="[2025-11-17T06:10:11.226Z] 🔹 VU 3 attempting login for: load_user_7262" source=console
time="2025-11-17T11:40:11+05:30" level=info msg="[K6-METRIC] status_code=200" source=console
time="2025-11-17T11:40:11+05:30" level=info msg="[K6-METRIC] response_time=1141.744036" source=console
time="2025-11-17T11:40:11+05:30" level=info msg="[K6-COOKIE] user=load_user_6129 | cookie=KC_RESTART | value_snippet=eyJhbGciOiJkaXIiLCJlbmMiOiJBMTI4" source=console
time="2025-11-17T11:40:11+05:30" level=info msg="[K6-COOKIE] user=load_user_6129 | cookie=AUTH_SESSION_ID | value_snippet=01799817-121d-48e5-999f-b1397344" source=console
time="2025-11-17T11:40:11+05:30" level=info msg="[2025-11-17T06:10:10.232Z] ✅ Login successful | User: load_user_6129 | Response Time: 1141.744036 ms" source=console
time="2025-11-17T11:40:11+05:30" level=info msg="[2025-11-17T06:10:11.423Z] 🔹 VU 4 attempting login for: load_user_6129" source=console
time="2025-11-17T11:40:11+05:30" level=info msg="[K6-METRIC] status_code=200" source=console
time="2025-11-17T11:40:11+05:30" level=info msg="[K6-METRIC] response_time=659.791243" source=console
time="2025-11-17T11:40:11+05:30" level=info msg="[K6-COOKIE] user=load_user_6493 | cookie=AUTH_SESSION_ID | value_snippet=0c586660-758d-4a63-8697-a4e8df00" source=console
time="2025-11-17T11:40:11+05:30" level=info msg="[K6-COOKIE] user=load_user_6493 | cookie=KC_RESTART | value_snippet=eyJhbGciOiJkaXIiLCJlbmMiOiJBMTI4" source=console
time="2025-11-17T11:40:11+05:30" level=info msg="[2025-11-17T06:10:10.729Z] ✅ Login successful | User: load_user_6493 | Response Time: 659.791243 ms" source=console
time="2025-11-17T11:40:11+05:30" level=info msg="[2025-11-17T06:10:11.431Z] 🔹 VU 6 attempting login for: load_user_6493" source=console

running (24.0s), 10/10 VUs, 159 complete and 0 interrupted iterations
default   [  96% ] 10 VUs  24.0s/25s
time="2025-11-17T11:40:11+05:30" level=info msg="[K6-METRIC] status_code=200" source=console
time="2025-11-17T11:40:11+05:30" level=info msg="[K6-METRIC] response_time=1956.969408" source=console
time="2025-11-17T11:40:11+05:30" level=info msg="[K6-COOKIE] user=load_user_1116 | cookie=AUTH_SESSION_ID | value_snippet=6a75043b-70a3-430e-8dcd-ccb1d60a" source=console
time="2025-11-17T11:40:11+05:30" level=info msg="[K6-COOKIE] user=load_user_1116 | cookie=KC_RESTART | value_snippet=eyJhbGciOiJkaXIiLCJlbmMiOiJBMTI4" source=console
time="2025-11-17T11:40:11+05:30" level=info msg="[2025-11-17T06:10:09.729Z] ✅ Login successful | User: load_user_1116 | Response Time: 1956.969408 ms" source=console
time="2025-11-17T11:40:11+05:30" level=info msg="[2025-11-17T06:10:11.728Z] 🔹 VU 9 attempting login for: load_user_1116" source=console
time="2025-11-17T11:40:11+05:30" level=info msg="[K6-METRIC] status_code=200" source=console
time="2025-11-17T11:40:11+05:30" level=info msg="[K6-METRIC] response_time=1446.215758" source=console
time="2025-11-17T11:40:11+05:30" level=info msg="[K6-COOKIE] user=load_user_9366 | cookie=AUTH_SESSION_ID | value_snippet=909ec312-4da4-4d46-9fed-7e570a46" source=console
time="2025-11-17T11:40:11+05:30" level=info msg="[K6-COOKIE] user=load_user_9366 | cookie=KC_RESTART | value_snippet=eyJhbGciOiJkaXIiLCJlbmMiOiJBMTI4" source=console
time="2025-11-17T11:40:11+05:30" level=info msg="[2025-11-17T06:10:10.233Z] ✅ Login successful | User: load_user_9366 | Response Time: 1446.215758 ms" source=console
time="2025-11-17T11:40:11+05:30" level=info msg="[2025-11-17T06:10:11.730Z] 🔹 VU 7 attempting login for: load_user_9366" source=console
time="2025-11-17T11:40:12+05:30" level=info msg="[K6-METRIC] status_code=200" source=console
time="2025-11-17T11:40:12+05:30" level=info msg="[K6-METRIC] response_time=1064.740147" source=console
time="2025-11-17T11:40:12+05:30" level=info msg="[K6-COOKIE] user=load_user_6048 | cookie=AUTH_SESSION_ID | value_snippet=0ee27cd0-cdd1-4900-a4f0-d17d8192" source=console
time="2025-11-17T11:40:12+05:30" level=info msg="[K6-COOKIE] user=load_user_6048 | cookie=KC_RESTART | value_snippet=eyJhbGciOiJkaXIiLCJlbmMiOiJBMTI4" source=console
time="2025-11-17T11:40:12+05:30" level=info msg="[2025-11-17T06:10:10.923Z] ✅ Login successful | User: load_user_6048 | Response Time: 1064.740147 ms" source=console
time="2025-11-17T11:40:12+05:30" level=info msg="[2025-11-17T06:10:12.028Z] 🔹 VU 8 attempting login for: load_user_6048" source=console
time="2025-11-17T11:40:12+05:30" level=info msg="[K6-METRIC] status_code=200" source=console
time="2025-11-17T11:40:12+05:30" level=info msg="[K6-METRIC] response_time=1759.121975" source=console
time="2025-11-17T11:40:12+05:30" level=info msg="[K6-COOKIE] user=load_user_9380 | cookie=AUTH_SESSION_ID | value_snippet=56599cc9-0ec2-4442-a1a5-819e13f3" source=console
time="2025-11-17T11:40:12+05:30" level=info msg="[K6-COOKIE] user=load_user_9380 | cookie=KC_RESTART | value_snippet=eyJhbGciOiJkaXIiLCJlbmMiOiJBMTI4" source=console
time="2025-11-17T11:40:12+05:30" level=info msg="[2025-11-17T06:10:10.425Z] ✅ Login successful | User: load_user_9380 | Response Time: 1759.121975 ms" source=console
time="2025-11-17T11:40:12+05:30" level=info msg="[2025-11-17T06:10:12.227Z] 🔹 VU 5 attempting login for: load_user_9380" source=console

running (25.0s), 10/10 VUs, 163 complete and 0 interrupted iterations
default   [ 100% ] 10 VUs  25.0s/25s
time="2025-11-17T11:40:12+05:30" level=info msg="[K6-METRIC] status_code=200" source=console
time="2025-11-17T11:40:12+05:30" level=info msg="[K6-METRIC] response_time=1061.508598" source=console
time="2025-11-17T11:40:12+05:30" level=info msg="[K6-COOKIE] user=load_user_6129 | cookie=AUTH_SESSION_ID | value_snippet=a8ace667-6e13-4f1c-8f23-8397b6b0" source=console
time="2025-11-17T11:40:12+05:30" level=info msg="[K6-COOKIE] user=load_user_6129 | cookie=KC_RESTART | value_snippet=eyJhbGciOiJkaXIiLCJlbmMiOiJBMTI4" source=console
time="2025-11-17T11:40:12+05:30" level=info msg="[2025-11-17T06:10:11.423Z] ✅ Login successful | User: load_user_6129 | Response Time: 1061.508598 ms" source=console
time="2025-11-17T11:40:12+05:30" level=info msg="[K6-METRIC] status_code=200" source=console
time="2025-11-17T11:40:12+05:30" level=info msg="[K6-METRIC] response_time=1269.104708" source=console
time="2025-11-17T11:40:12+05:30" level=info msg="[K6-COOKIE] user=load_user_7262 | cookie=KC_RESTART | value_snippet=eyJhbGciOiJkaXIiLCJlbmMiOiJBMTI4" source=console
time="2025-11-17T11:40:12+05:30" level=info msg="[K6-COOKIE] user=load_user_7262 | cookie=AUTH_SESSION_ID | value_snippet=35b87a5f-3336-4d55-be33-a6384631" source=console
time="2025-11-17T11:40:12+05:30" level=info msg="[2025-11-17T06:10:11.226Z] ✅ Login successful | User: load_user_7262 | Response Time: 1269.104708 ms" source=console
time="2025-11-17T11:40:12+05:30" level=info msg="[K6-METRIC] status_code=200" source=console
time="2025-11-17T11:40:12+05:30" level=info msg="[K6-METRIC] response_time=3365.263694" source=console
time="2025-11-17T11:40:12+05:30" level=info msg="[K6-COOKIE] user=username | cookie=AUTH_SESSION_ID | value_snippet=c66972fe-f328-467b-a808-feb059da" source=console
time="2025-11-17T11:40:12+05:30" level=info msg="[K6-COOKIE] user=username | cookie=KC_RESTART | value_snippet=eyJhbGciOiJkaXIiLCJlbmMiOiJBMTI4" source=console
time="2025-11-17T11:40:12+05:30" level=info msg="[2025-11-17T06:10:09.228Z] ✅ Login successful | User: username | Response Time: 3365.263694 ms" source=console
time="2025-11-17T11:40:12+05:30" level=info msg="[K6-METRIC] status_code=200" source=console
time="2025-11-17T11:40:12+05:30" level=info msg="[K6-METRIC] response_time=863.20281" source=console
time="2025-11-17T11:40:12+05:30" level=info msg="[K6-COOKIE] user=load_user_9366 | cookie=AUTH_SESSION_ID | value_snippet=156b09d6-8a0b-4325-9eb6-f85a53a6" source=console
time="2025-11-17T11:40:12+05:30" level=info msg="[K6-COOKIE] user=load_user_9366 | cookie=KC_RESTART | value_snippet=eyJhbGciOiJkaXIiLCJlbmMiOiJBMTI4" source=console
time="2025-11-17T11:40:12+05:30" level=info msg="[2025-11-17T06:10:11.730Z] ✅ Login successful | User: load_user_9366 | Response Time: 863.20281 ms" source=console
time="2025-11-17T11:40:12+05:30" level=info msg="[K6-METRIC] status_code=200" source=console
time="2025-11-17T11:40:12+05:30" level=info msg="[K6-METRIC] response_time=1866.095249" source=console
time="2025-11-17T11:40:12+05:30" level=info msg="[K6-COOKIE] user=load_user_9819 | cookie=AUTH_SESSION_ID | value_snippet=5cd5fd94-ef6a-4cf1-9919-12b69db7" source=console
time="2025-11-17T11:40:12+05:30" level=info msg="[K6-COOKIE] user=load_user_9819 | cookie=KC_RESTART | value_snippet=eyJhbGciOiJkaXIiLCJlbmMiOiJBMTI4" source=console
time="2025-11-17T11:40:12+05:30" level=info msg="[2025-11-17T06:10:11.024Z] ✅ Login successful | User: load_user_9819 | Response Time: 1866.095249 ms" source=console
time="2025-11-17T11:40:12+05:30" level=info msg="[K6-METRIC] status_code=200" source=console
time="2025-11-17T11:40:12+05:30" level=info msg="[K6-METRIC] response_time=1456.672292" source=console
time="2025-11-17T11:40:12+05:30" level=info msg="[K6-COOKIE] user=load_user_6493 | cookie=AUTH_SESSION_ID | value_snippet=64ededcf-d6e3-42a6-91d2-a7c8d089" source=console
time="2025-11-17T11:40:12+05:30" level=info msg="[K6-COOKIE] user=load_user_6493 | cookie=KC_RESTART | value_snippet=eyJhbGciOiJkaXIiLCJlbmMiOiJBMTI4" source=console
time="2025-11-17T11:40:12+05:30" level=info msg="[2025-11-17T06:10:11.431Z] ✅ Login successful | User: load_user_6493 | Response Time: 1456.672292 ms" source=console
time="2025-11-17T11:40:12+05:30" level=info msg="[K6-METRIC] status_code=200" source=console
time="2025-11-17T11:40:12+05:30" level=info msg="[K6-METRIC] response_time=866.46722" source=console
time="2025-11-17T11:40:12+05:30" level=info msg="[K6-COOKIE] user=load_user_6048 | cookie=AUTH_SESSION_ID | value_snippet=2715186f-757c-4191-b9a6-ae06ca70" source=console
time="2025-11-17T11:40:12+05:30" level=info msg="[K6-COOKIE] user=load_user_6048 | cookie=KC_RESTART | value_snippet=eyJhbGciOiJkaXIiLCJlbmMiOiJBMTI4" source=console
time="2025-11-17T11:40:12+05:30" level=info msg="[2025-11-17T06:10:12.028Z] ✅ Login successful | User: load_user_6048 | Response Time: 866.46722 ms" source=console
time="2025-11-17T11:40:13+05:30" level=info msg="[K6-METRIC] status_code=200" source=console
time="2025-11-17T11:40:13+05:30" level=info msg="[K6-METRIC] response_time=769.67925" source=console
time="2025-11-17T11:40:13+05:30" level=info msg="[K6-COOKIE] user=load_user_9380 | cookie=AUTH_SESSION_ID | value_snippet=bf299df4-659a-49d0-99b4-08c67253" source=console
time="2025-11-17T11:40:13+05:30" level=info msg="[K6-COOKIE] user=load_user_9380 | cookie=KC_RESTART | value_snippet=eyJhbGciOiJkaXIiLCJlbmMiOiJBMTI4" source=console
time="2025-11-17T11:40:13+05:30" level=info msg="[2025-11-17T06:10:12.227Z] ✅ Login successful | User: load_user_9380 | Response Time: 769.67925 ms" source=console
time="2025-11-17T11:40:13+05:30" level=info msg="[K6-METRIC] status_code=200" source=console
time="2025-11-17T11:40:13+05:30" level=info msg="[K6-METRIC] response_time=2260.847283" source=console
time="2025-11-17T11:40:13+05:30" level=info msg="[K6-COOKIE] user=load_user_7114 | cookie=AUTH_SESSION_ID | value_snippet=5375fdd9-e1ce-4d7c-bf90-5b918fa6" source=console
time="2025-11-17T11:40:13+05:30" level=info msg="[K6-COOKIE] user=load_user_7114 | cookie=KC_RESTART | value_snippet=eyJhbGciOiJkaXIiLCJlbmMiOiJBMTI4" source=console
time="2025-11-17T11:40:13+05:30" level=info msg="[2025-11-17T06:10:10.735Z] ✅ Login successful | User: load_user_7114 | Response Time: 2260.847283 ms" source=console
time="2025-11-17T11:40:13+05:30" level=info msg="[K6-METRIC] status_code=200" source=console
time="2025-11-17T11:40:13+05:30" level=info msg="[K6-METRIC] response_time=1272.56104" source=console
time="2025-11-17T11:40:13+05:30" level=info msg="[K6-COOKIE] user=load_user_1116 | cookie=AUTH_SESSION_ID | value_snippet=e410c3ee-2ab7-4421-a847-7119ab03" source=console
time="2025-11-17T11:40:13+05:30" level=info msg="[K6-COOKIE] user=load_user_1116 | cookie=KC_RESTART | value_snippet=eyJhbGciOiJkaXIiLCJlbmMiOiJBMTI4" source=console
time="2025-11-17T11:40:13+05:30" level=info msg="[2025-11-17T06:10:11.728Z] ✅ Login successful | User: load_user_1116 | Response Time: 1272.56104 ms" source=console


  █ TOTAL RESULTS 

    checks_total.......: 173     6.780137/s
    checks_succeeded...: 100.00% 173 out of 173
    checks_failed......: 0.00%   0 out of 173

    ✓ status is 200

    CUSTOM
    login_response_time............: avg=1394.771825 min=153.738155 med=1280.64164 max=3759.353036 p(90)=2370.396353 p(95)=2960.802505
    login_success_rate.............: 100.00% 173 out of 173

    HTTP
    http_req_duration..............: avg=365.3ms     min=9.18ms     med=15.04ms    max=3.75s       p(90)=1.45s       p(95)=2.06s      
      { expected_response:true }...: avg=365.3ms     min=9.18ms     med=15.04ms    max=3.75s       p(90)=1.45s       p(95)=2.06s      
    http_req_failed................: 0.00%   0 out of 692
    http_reqs......................: 692     27.120548/s

    EXECUTION
    iteration_duration.............: avg=1.46s       min=212.34ms   med=1.39s      max=3.79s       p(90)=2.4s        p(95)=2.99s      
    iterations.....................: 173     6.780137/s
    vus............................: 10      min=10         max=10
    vus_max........................: 10      min=10         max=10

    NETWORK
    data_received..................: 1.8 MB  71 kB/s
    data_sent......................: 105 kB  4.1 kB/s




running (25.5s), 00/10 VUs, 173 complete and 0 interrupted iterations
default ✓ [ 100% ] 10 VUs  25s
